ID,Spend_USD
AUS_01T03,0
AUS_05T06,0
AUS_07T08,0
AUS_09,0
AUS_10T12,0
AUS_13T15,0
AUS_16,0
AUS_17T18,0
AUS_19,0
AUS_20T21,0
AUS_22,0
AUS_23,0
AUS_24,0
AUS_25,0
AUS_26,0
AUS_27,0
AUS_28,0
AUS_29,0
AUS_30,0
AUS_31T33,0
AUS_35T39,0
AUS_41T43,0
AUS_45T47,0
AUS_49T53,0
AUS_55T56,0
AUS_58T60,0
AUS_61,0
AUS_62T63,0
AUS_64T66,0
AUS_68,0
AUS_69T82,0
AUS_84,0
AUS_85,0
AUS_86T88,0
AUS_90T96,0
AUS_97T98,0
AUT_01T03,0
AUT_05T06,0
AUT_07T08,0
AUT_09,0
AUT_10T12,0
AUT_13T15,0
AUT_16,0
AUT_17T18,0
AUT_19,0
AUT_20T21,0
AUT_22,0
AUT_23,0
AUT_24,0
AUT_25,0
AUT_26,0
AUT_27,0
AUT_28,0
AUT_29,0
AUT_30,0
AUT_31T33,0
AUT_35T39,0
AUT_41T43,0
AUT_45T47,0
AUT_49T53,0
AUT_55T56,0
AUT_58T60,0
AUT_61,0
AUT_62T63,0
AUT_64T66,0
AUT_68,0
AUT_69T82,0
AUT_84,0
AUT_85,0
AUT_86T88,0
AUT_90T96,0
AUT_97T98,0
BEL_01T03,0
BEL_05T06,0
BEL_07T08,0
BEL_09,0
BEL_10T12,0
BEL_13T15,0
BEL_16,0
BEL_17T18,0
BEL_19,0
BEL_20T21,0
BEL_22,0
BEL_23,0
BEL_24,0
BEL_25,0
BEL_26,0
BEL_27,0
BEL_28,0
BEL_29,0
BEL_30,0
BEL_31T33,0
BEL_35T39,0
BEL_41T43,0
BEL_45T47,0
BEL_49T53,0
BEL_55T56,0
BEL_58T60,0
BEL_61,0
BEL_62T63,0
BEL_64T66,0
BEL_68,0
BEL_69T82,0
BEL_84,0
BEL_85,0
BEL_86T88,0
BEL_90T96,0
BEL_97T98,0
CAN_01T03,0
CAN_05T06,0
CAN_07T08,0
CAN_09,0
CAN_10T12,0
CAN_13T15,0
CAN_16,0
CAN_17T18,0
CAN_19,0
CAN_20T21,0
CAN_22,0
CAN_23,0
CAN_24,0
CAN_25,0
CAN_26,0
CAN_27,0
CAN_28,0
CAN_29,0
CAN_30,0
CAN_31T33,0
CAN_35T39,0
CAN_41T43,0
CAN_45T47,0
CAN_49T53,0
CAN_55T56,0
CAN_58T60,0
CAN_61,0
CAN_62T63,0
CAN_64T66,0
CAN_68,0
CAN_69T82,0
CAN_84,0
CAN_85,0
CAN_86T88,0
CAN_90T96,0
CAN_97T98,0
CHL_01T03,0
CHL_05T06,0
CHL_07T08,0
CHL_09,0
CHL_10T12,0
CHL_13T15,0
CHL_16,0
CHL_17T18,0
CHL_19,0
CHL_20T21,0
CHL_22,0
CHL_23,0
CHL_24,0
CHL_25,0
CHL_26,0
CHL_27,0
CHL_28,0
CHL_29,0
CHL_30,0
CHL_31T33,0
CHL_35T39,0
CHL_41T43,0
CHL_45T47,0
CHL_49T53,0
CHL_55T56,0
CHL_58T60,0
CHL_61,0
CHL_62T63,0
CHL_64T66,0
CHL_68,0
CHL_69T82,0
CHL_84,0
CHL_85,0
CHL_86T88,0
CHL_90T96,0
CHL_97T98,0
CZE_01T03,0
CZE_05T06,0
CZE_07T08,0
CZE_09,0
CZE_10T12,0
CZE_13T15,0
CZE_16,0
CZE_17T18,0
CZE_19,0
CZE_20T21,0
CZE_22,0
CZE_23,0
CZE_24,0
CZE_25,0
CZE_26,0
CZE_27,0
CZE_28,0
CZE_29,0
CZE_30,0
CZE_31T33,0
CZE_35T39,0
CZE_41T43,0
CZE_45T47,0
CZE_49T53,0
CZE_55T56,0
CZE_58T60,0
CZE_61,0
CZE_62T63,0
CZE_64T66,0
CZE_68,0
CZE_69T82,0
CZE_84,0
CZE_85,0
CZE_86T88,0
CZE_90T96,0
CZE_97T98,0
DNK_01T03,0
DNK_05T06,0
DNK_07T08,0
DNK_09,0
DNK_10T12,0
DNK_13T15,0
DNK_16,0
DNK_17T18,0
DNK_19,0
DNK_20T21,0
DNK_22,0
DNK_23,0
DNK_24,0
DNK_25,0
DNK_26,0
DNK_27,0
DNK_28,0
DNK_29,0
DNK_30,0
DNK_31T33,0
DNK_35T39,0
DNK_41T43,0
DNK_45T47,0
DNK_49T53,0
DNK_55T56,0
DNK_58T60,0
DNK_61,0
DNK_62T63,0
DNK_64T66,0
DNK_68,0
DNK_69T82,0
DNK_84,0
DNK_85,0
DNK_86T88,0
DNK_90T96,0
DNK_97T98,0
EST_01T03,0
EST_05T06,0
EST_07T08,0
EST_09,0
EST_10T12,0
EST_13T15,0
EST_16,0
EST_17T18,0
EST_19,0
EST_20T21,0
EST_22,0
EST_23,0
EST_24,0
EST_25,0
EST_26,0
EST_27,0
EST_28,0
EST_29,0
EST_30,0
EST_31T33,0
EST_35T39,0
EST_41T43,0
EST_45T47,0
EST_49T53,0
EST_55T56,0
EST_58T60,0
EST_61,0
EST_62T63,0
EST_64T66,0
EST_68,0
EST_69T82,0
EST_84,0
EST_85,0
EST_86T88,0
EST_90T96,0
EST_97T98,0
FIN_01T03,0
FIN_05T06,0
FIN_07T08,0
FIN_09,0
FIN_10T12,0
FIN_13T15,0
FIN_16,0
FIN_17T18,0
FIN_19,0
FIN_20T21,0
FIN_22,0
FIN_23,0
FIN_24,0
FIN_25,0
FIN_26,0
FIN_27,0
FIN_28,0
FIN_29,0
FIN_30,0
FIN_31T33,0
FIN_35T39,0
FIN_41T43,0
FIN_45T47,0
FIN_49T53,0
FIN_55T56,0
FIN_58T60,0
FIN_61,0
FIN_62T63,0
FIN_64T66,0
FIN_68,0
FIN_69T82,0
FIN_84,0
FIN_85,0
FIN_86T88,0
FIN_90T96,0
FIN_97T98,0
FRA_01T03,0
FRA_05T06,0
FRA_07T08,0
FRA_09,0
FRA_10T12,0
FRA_13T15,0
FRA_16,0
FRA_17T18,0
FRA_19,0
FRA_20T21,0
FRA_22,0
FRA_23,0
FRA_24,0
FRA_25,0
FRA_26,0
FRA_27,0
FRA_28,0
FRA_29,0
FRA_30,0
FRA_31T33,0
FRA_35T39,0
FRA_41T43,0
FRA_45T47,0
FRA_49T53,0
FRA_55T56,0
FRA_58T60,0
FRA_61,0
FRA_62T63,0
FRA_64T66,0
FRA_68,0
FRA_69T82,0
FRA_84,0
FRA_85,0
FRA_86T88,0
FRA_90T96,0
FRA_97T98,0
DEU_01T03,0
DEU_05T06,0
DEU_07T08,0
DEU_09,0
DEU_10T12,0
DEU_13T15,0
DEU_16,0
DEU_17T18,0
DEU_19,0
DEU_20T21,0
DEU_22,0
DEU_23,0
DEU_24,0
DEU_25,0
DEU_26,0
DEU_27,0
DEU_28,0
DEU_29,0
DEU_30,0
DEU_31T33,0
DEU_35T39,0
DEU_41T43,0
DEU_45T47,0
DEU_49T53,0
DEU_55T56,0
DEU_58T60,0
DEU_61,0
DEU_62T63,0
DEU_64T66,0
DEU_68,0
DEU_69T82,0
DEU_84,0
DEU_85,0
DEU_86T88,0
DEU_90T96,0
DEU_97T98,0
GRC_01T03,0
GRC_05T06,0
GRC_07T08,0
GRC_09,0
GRC_10T12,0
GRC_13T15,0
GRC_16,0
GRC_17T18,0
GRC_19,0
GRC_20T21,0
GRC_22,0
GRC_23,0
GRC_24,0
GRC_25,0
GRC_26,0
GRC_27,0
GRC_28,0
GRC_29,0
GRC_30,0
GRC_31T33,0
GRC_35T39,0
GRC_41T43,0
GRC_45T47,0
GRC_49T53,0
GRC_55T56,0
GRC_58T60,0
GRC_61,0
GRC_62T63,0
GRC_64T66,0
GRC_68,0
GRC_69T82,0
GRC_84,0
GRC_85,0
GRC_86T88,0
GRC_90T96,0
GRC_97T98,0
HUN_01T03,0
HUN_05T06,0
HUN_07T08,0
HUN_09,0
HUN_10T12,0
HUN_13T15,0
HUN_16,0
HUN_17T18,0
HUN_19,0
HUN_20T21,0
HUN_22,0
HUN_23,0
HUN_24,0
HUN_25,0
HUN_26,0
HUN_27,0
HUN_28,0
HUN_29,0
HUN_30,0
HUN_31T33,0
HUN_35T39,0
HUN_41T43,0
HUN_45T47,0
HUN_49T53,0
HUN_55T56,0
HUN_58T60,0
HUN_61,0
HUN_62T63,0
HUN_64T66,0
HUN_68,0
HUN_69T82,0
HUN_84,0
HUN_85,0
HUN_86T88,0
HUN_90T96,0
HUN_97T98,0
ISL_01T03,0
ISL_05T06,0
ISL_07T08,0
ISL_09,0
ISL_10T12,0
ISL_13T15,0
ISL_16,0
ISL_17T18,0
ISL_19,0
ISL_20T21,0
ISL_22,0
ISL_23,0
ISL_24,0
ISL_25,0
ISL_26,0
ISL_27,0
ISL_28,0
ISL_29,0
ISL_30,0
ISL_31T33,0
ISL_35T39,0
ISL_41T43,0
ISL_45T47,0
ISL_49T53,0
ISL_55T56,0
ISL_58T60,0
ISL_61,0
ISL_62T63,0
ISL_64T66,0
ISL_68,0
ISL_69T82,0
ISL_84,0
ISL_85,0
ISL_86T88,0
ISL_90T96,0
ISL_97T98,0
IRL_01T03,0
IRL_05T06,0
IRL_07T08,0
IRL_09,0
IRL_10T12,0
IRL_13T15,0
IRL_16,0
IRL_17T18,0
IRL_19,0
IRL_20T21,0
IRL_22,0
IRL_23,0
IRL_24,0
IRL_25,0
IRL_26,0
IRL_27,0
IRL_28,0
IRL_29,0
IRL_30,0
IRL_31T33,0
IRL_35T39,0
IRL_41T43,0
IRL_45T47,0
IRL_49T53,0
IRL_55T56,0
IRL_58T60,0
IRL_61,0
IRL_62T63,0
IRL_64T66,0
IRL_68,0
IRL_69T82,0
IRL_84,0
IRL_85,0
IRL_86T88,0
IRL_90T96,0
IRL_97T98,0
ISR_01T03,0
ISR_05T06,0
ISR_07T08,0
ISR_09,0
ISR_10T12,0
ISR_13T15,0
ISR_16,0
ISR_17T18,0
ISR_19,0
ISR_20T21,0
ISR_22,0
ISR_23,0
ISR_24,0
ISR_25,0
ISR_26,0
ISR_27,0
ISR_28,0
ISR_29,0
ISR_30,0
ISR_31T33,0
ISR_35T39,0
ISR_41T43,0
ISR_45T47,0
ISR_49T53,0
ISR_55T56,0
ISR_58T60,0
ISR_61,0
ISR_62T63,0
ISR_64T66,0
ISR_68,0
ISR_69T82,0
ISR_84,0
ISR_85,0
ISR_86T88,0
ISR_90T96,0
ISR_97T98,0
ITA_01T03,0
ITA_05T06,0
ITA_07T08,0
ITA_09,0
ITA_10T12,0
ITA_13T15,0
ITA_16,0
ITA_17T18,0
ITA_19,0
ITA_20T21,0
ITA_22,0
ITA_23,0
ITA_24,0
ITA_25,0
ITA_26,0
ITA_27,0
ITA_28,0
ITA_29,0
ITA_30,0
ITA_31T33,0
ITA_35T39,0
ITA_41T43,0
ITA_45T47,0
ITA_49T53,0
ITA_55T56,0
ITA_58T60,0
ITA_61,0
ITA_62T63,0
ITA_64T66,0
ITA_68,0
ITA_69T82,0
ITA_84,0
ITA_85,0
ITA_86T88,0
ITA_90T96,0
ITA_97T98,0
JPN_01T03,0
JPN_05T06,0
JPN_07T08,0
JPN_09,0
JPN_10T12,0
JPN_13T15,0
JPN_16,0
JPN_17T18,0
JPN_19,0
JPN_20T21,0
JPN_22,0
JPN_23,0
JPN_24,0
JPN_25,0
JPN_26,0
JPN_27,0
JPN_28,0
JPN_29,0
JPN_30,0
JPN_31T33,0
JPN_35T39,0
JPN_41T43,0
JPN_45T47,0
JPN_49T53,0
JPN_55T56,0
JPN_58T60,0
JPN_61,0
JPN_62T63,0
JPN_64T66,0
JPN_68,0
JPN_69T82,0
JPN_84,0
JPN_85,0
JPN_86T88,0
JPN_90T96,0
JPN_97T98,0
KOR_01T03,0
KOR_05T06,0
KOR_07T08,0
KOR_09,0
KOR_10T12,0
KOR_13T15,0
KOR_16,0
KOR_17T18,0
KOR_19,0
KOR_20T21,0
KOR_22,0
KOR_23,0
KOR_24,0
KOR_25,0
KOR_26,0
KOR_27,0
KOR_28,0
KOR_29,0
KOR_30,0
KOR_31T33,0
KOR_35T39,0
KOR_41T43,0
KOR_45T47,0
KOR_49T53,0
KOR_55T56,0
KOR_58T60,0
KOR_61,0
KOR_62T63,0
KOR_64T66,0
KOR_68,0
KOR_69T82,0
KOR_84,0
KOR_85,0
KOR_86T88,0
KOR_90T96,0
KOR_97T98,0
LVA_01T03,0
LVA_05T06,0
LVA_07T08,0
LVA_09,0
LVA_10T12,0
LVA_13T15,0
LVA_16,0
LVA_17T18,0
LVA_19,0
LVA_20T21,0
LVA_22,0
LVA_23,0
LVA_24,0
LVA_25,0
LVA_26,0
LVA_27,0
LVA_28,0
LVA_29,0
LVA_30,0
LVA_31T33,0
LVA_35T39,0
LVA_41T43,0
LVA_45T47,0
LVA_49T53,0
LVA_55T56,0
LVA_58T60,0
LVA_61,0
LVA_62T63,0
LVA_64T66,0
LVA_68,0
LVA_69T82,0
LVA_84,0
LVA_85,0
LVA_86T88,0
LVA_90T96,0
LVA_97T98,0
LTU_01T03,0
LTU_05T06,0
LTU_07T08,0
LTU_09,0
LTU_10T12,0
LTU_13T15,0
LTU_16,0
LTU_17T18,0
LTU_19,0
LTU_20T21,0
LTU_22,0
LTU_23,0
LTU_24,0
LTU_25,0
LTU_26,0
LTU_27,0
LTU_28,0
LTU_29,0
LTU_30,0
LTU_31T33,0
LTU_35T39,0
LTU_41T43,0
LTU_45T47,0
LTU_49T53,0
LTU_55T56,0
LTU_58T60,0
LTU_61,0
LTU_62T63,0
LTU_64T66,0
LTU_68,0
LTU_69T82,0
LTU_84,0
LTU_85,0
LTU_86T88,0
LTU_90T96,0
LTU_97T98,0
LUX_01T03,0
LUX_05T06,0
LUX_07T08,0
LUX_09,0
LUX_10T12,0
LUX_13T15,0
LUX_16,0
LUX_17T18,0
LUX_19,0
LUX_20T21,0
LUX_22,0
LUX_23,0
LUX_24,0
LUX_25,0
LUX_26,0
LUX_27,0
LUX_28,0
LUX_29,0
LUX_30,0
LUX_31T33,0
LUX_35T39,0
LUX_41T43,0
LUX_45T47,0
LUX_49T53,0
LUX_55T56,0
LUX_58T60,0
LUX_61,0
LUX_62T63,0
LUX_64T66,0
LUX_68,0
LUX_69T82,0
LUX_84,0
LUX_85,0
LUX_86T88,0
LUX_90T96,0
LUX_97T98,0
MEX_01T03,0
MEX_05T06,0
MEX_07T08,0
MEX_09,0
MEX_10T12,0
MEX_13T15,0
MEX_16,0
MEX_17T18,0
MEX_19,0
MEX_20T21,0
MEX_22,0
MEX_23,0
MEX_24,0
MEX_25,0
MEX_26,0
MEX_27,0
MEX_28,0
MEX_29,0
MEX_30,0
MEX_31T33,0
MEX_35T39,0
MEX_41T43,0
MEX_45T47,0
MEX_49T53,0
MEX_55T56,0
MEX_58T60,0
MEX_61,0
MEX_62T63,0
MEX_64T66,0
MEX_68,0
MEX_69T82,0
MEX_84,0
MEX_85,0
MEX_86T88,0
MEX_90T96,0
MEX_97T98,0
NLD_01T03,0
NLD_05T06,0
NLD_07T08,0
NLD_09,0
NLD_10T12,0
NLD_13T15,0
NLD_16,0
NLD_17T18,0
NLD_19,0
NLD_20T21,0
NLD_22,0
NLD_23,0
NLD_24,0
NLD_25,0
NLD_26,0
NLD_27,0
NLD_28,0
NLD_29,0
NLD_30,0
NLD_31T33,0
NLD_35T39,0
NLD_41T43,0
NLD_45T47,0
NLD_49T53,0
NLD_55T56,0
NLD_58T60,0
NLD_61,0
NLD_62T63,0
NLD_64T66,0
NLD_68,0
NLD_69T82,0
NLD_84,0
NLD_85,0
NLD_86T88,0
NLD_90T96,0
NLD_97T98,0
NZL_01T03,0
NZL_05T06,0
NZL_07T08,0
NZL_09,0
NZL_10T12,0
NZL_13T15,0
NZL_16,0
NZL_17T18,0
NZL_19,0
NZL_20T21,0
NZL_22,0
NZL_23,0
NZL_24,0
NZL_25,0
NZL_26,0
NZL_27,0
NZL_28,0
NZL_29,0
NZL_30,0
NZL_31T33,0
NZL_35T39,0
NZL_41T43,0
NZL_45T47,0
NZL_49T53,0
NZL_55T56,0
NZL_58T60,0
NZL_61,0
NZL_62T63,0
NZL_64T66,0
NZL_68,0
NZL_69T82,0
NZL_84,0
NZL_85,0
NZL_86T88,0
NZL_90T96,0
NZL_97T98,0
NOR_01T03,0
NOR_05T06,0
NOR_07T08,0
NOR_09,0
NOR_10T12,0
NOR_13T15,0
NOR_16,0
NOR_17T18,0
NOR_19,0
NOR_20T21,0
NOR_22,0
NOR_23,0
NOR_24,0
NOR_25,0
NOR_26,0
NOR_27,0
NOR_28,0
NOR_29,0
NOR_30,0
NOR_31T33,0
NOR_35T39,0
NOR_41T43,0
NOR_45T47,0
NOR_49T53,0
NOR_55T56,0
NOR_58T60,0
NOR_61,0
NOR_62T63,0
NOR_64T66,0
NOR_68,0
NOR_69T82,0
NOR_84,0
NOR_85,0
NOR_86T88,0
NOR_90T96,0
NOR_97T98,0
POL_01T03,0
POL_05T06,0
POL_07T08,0
POL_09,0
POL_10T12,0
POL_13T15,0
POL_16,0
POL_17T18,0
POL_19,0
POL_20T21,0
POL_22,0
POL_23,0
POL_24,0
POL_25,0
POL_26,0
POL_27,0
POL_28,0
POL_29,0
POL_30,0
POL_31T33,0
POL_35T39,0
POL_41T43,0
POL_45T47,0
POL_49T53,0
POL_55T56,0
POL_58T60,0
POL_61,0
POL_62T63,0
POL_64T66,0
POL_68,0
POL_69T82,0
POL_84,0
POL_85,0
POL_86T88,0
POL_90T96,0
POL_97T98,0
PRT_01T03,0
PRT_05T06,0
PRT_07T08,0
PRT_09,0
PRT_10T12,0
PRT_13T15,0
PRT_16,0
PRT_17T18,0
PRT_19,0
PRT_20T21,0
PRT_22,0
PRT_23,0
PRT_24,0
PRT_25,0
PRT_26,0
PRT_27,0
PRT_28,0
PRT_29,0
PRT_30,0
PRT_31T33,0
PRT_35T39,0
PRT_41T43,0
PRT_45T47,0
PRT_49T53,0
PRT_55T56,0
PRT_58T60,0
PRT_61,0
PRT_62T63,0
PRT_64T66,0
PRT_68,0
PRT_69T82,0
PRT_84,0
PRT_85,0
PRT_86T88,0
PRT_90T96,0
PRT_97T98,0
SVK_01T03,0
SVK_05T06,0
SVK_07T08,0
SVK_09,0
SVK_10T12,0
SVK_13T15,0
SVK_16,0
SVK_17T18,0
SVK_19,0
SVK_20T21,0
SVK_22,0
SVK_23,0
SVK_24,0
SVK_25,0
SVK_26,0
SVK_27,0
SVK_28,0
SVK_29,0
SVK_30,0
SVK_31T33,0
SVK_35T39,0
SVK_41T43,0
SVK_45T47,0
SVK_49T53,0
SVK_55T56,0
SVK_58T60,0
SVK_61,0
SVK_62T63,0
SVK_64T66,0
SVK_68,0
SVK_69T82,0
SVK_84,0
SVK_85,0
SVK_86T88,0
SVK_90T96,0
SVK_97T98,0
SVN_01T03,0
SVN_05T06,0
SVN_07T08,0
SVN_09,0
SVN_10T12,0
SVN_13T15,0
SVN_16,0
SVN_17T18,0
SVN_19,0
SVN_20T21,0
SVN_22,0
SVN_23,0
SVN_24,0
SVN_25,0
SVN_26,0
SVN_27,0
SVN_28,0
SVN_29,0
SVN_30,0
SVN_31T33,0
SVN_35T39,0
SVN_41T43,0
SVN_45T47,0
SVN_49T53,0
SVN_55T56,0
SVN_58T60,0
SVN_61,0
SVN_62T63,0
SVN_64T66,0
SVN_68,0
SVN_69T82,0
SVN_84,0
SVN_85,0
SVN_86T88,0
SVN_90T96,0
SVN_97T98,0
ESP_01T03,0
ESP_05T06,0
ESP_07T08,0
ESP_09,0
ESP_10T12,0
ESP_13T15,0
ESP_16,0
ESP_17T18,0
ESP_19,0
ESP_20T21,0
ESP_22,0
ESP_23,0
ESP_24,0
ESP_25,0
ESP_26,0
ESP_27,0
ESP_28,0
ESP_29,0
ESP_30,0
ESP_31T33,0
ESP_35T39,0
ESP_41T43,0
ESP_45T47,0
ESP_49T53,0
ESP_55T56,0
ESP_58T60,0
ESP_61,0
ESP_62T63,0
ESP_64T66,0
ESP_68,0
ESP_69T82,0
ESP_84,0
ESP_85,0
ESP_86T88,0
ESP_90T96,0
ESP_97T98,0
SWE_01T03,0
SWE_05T06,0
SWE_07T08,0
SWE_09,0
SWE_10T12,0
SWE_13T15,0
SWE_16,0
SWE_17T18,0
SWE_19,0
SWE_20T21,0
SWE_22,0
SWE_23,0
SWE_24,0
SWE_25,0
SWE_26,0
SWE_27,0
SWE_28,0
SWE_29,0
SWE_30,0
SWE_31T33,0
SWE_35T39,0
SWE_41T43,0
SWE_45T47,0
SWE_49T53,0
SWE_55T56,0
SWE_58T60,0
SWE_61,0
SWE_62T63,0
SWE_64T66,0
SWE_68,0
SWE_69T82,0
SWE_84,0
SWE_85,0
SWE_86T88,0
SWE_90T96,0
SWE_97T98,0
CHE_01T03,0
CHE_05T06,0
CHE_07T08,0
CHE_09,0
CHE_10T12,0
CHE_13T15,0
CHE_16,0
CHE_17T18,0
CHE_19,0
CHE_20T21,0
CHE_22,0
CHE_23,0
CHE_24,0
CHE_25,0
CHE_26,0
CHE_27,0
CHE_28,0
CHE_29,0
CHE_30,0
CHE_31T33,0
CHE_35T39,0
CHE_41T43,0
CHE_45T47,0
CHE_49T53,0
CHE_55T56,0
CHE_58T60,0
CHE_61,0
CHE_62T63,0
CHE_64T66,0
CHE_68,0
CHE_69T82,0
CHE_84,0
CHE_85,0
CHE_86T88,0
CHE_90T96,0
CHE_97T98,0
TUR_01T03,0
TUR_05T06,0
TUR_07T08,0
TUR_09,0
TUR_10T12,0
TUR_13T15,0
TUR_16,0
TUR_17T18,0
TUR_19,0
TUR_20T21,0
TUR_22,0
TUR_23,0
TUR_24,0
TUR_25,0
TUR_26,0
TUR_27,0
TUR_28,0
TUR_29,0
TUR_30,0
TUR_31T33,0
TUR_35T39,0
TUR_41T43,0
TUR_45T47,0
TUR_49T53,0
TUR_55T56,0
TUR_58T60,0
TUR_61,0
TUR_62T63,0
TUR_64T66,0
TUR_68,0
TUR_69T82,0
TUR_84,0
TUR_85,0
TUR_86T88,0
TUR_90T96,0
TUR_97T98,0
GBR_01T03,0
GBR_05T06,0
GBR_07T08,0
GBR_09,0
GBR_10T12,0
GBR_13T15,0
GBR_16,0
GBR_17T18,0
GBR_19,0
GBR_20T21,0
GBR_22,0
GBR_23,0
GBR_24,0
GBR_25,0
GBR_26,0
GBR_27,0
GBR_28,0
GBR_29,0
GBR_30,0
GBR_31T33,0
GBR_35T39,0
GBR_41T43,0
GBR_45T47,0
GBR_49T53,0
GBR_55T56,0
GBR_58T60,0
GBR_61,0
GBR_62T63,0
GBR_64T66,0
GBR_68,0
GBR_69T82,0
GBR_84,0
GBR_85,0
GBR_86T88,0
GBR_90T96,0
GBR_97T98,0
USA_01T03,0
USA_05T06,0
USA_07T08,0
USA_09,0
USA_10T12,0
USA_13T15,0
USA_16,0
USA_17T18,0
USA_19,0
USA_20T21,0
USA_22,0
USA_23,0
USA_24,0
USA_25,0
USA_26,0
USA_27,0
USA_28,0
USA_29,0
USA_30,0
USA_31T33,0
USA_35T39,0
USA_41T43,0
USA_45T47,0
USA_49T53,0
USA_55T56,0
USA_58T60,0
USA_61,0
USA_62T63,0
USA_64T66,0
USA_68,0
USA_69T82,0
USA_84,0
USA_85,0
USA_86T88,0
USA_90T96,0
USA_97T98,0
ARG_01T03,0
ARG_05T06,0
ARG_07T08,0
ARG_09,0
ARG_10T12,0
ARG_13T15,0
ARG_16,0
ARG_17T18,0
ARG_19,0
ARG_20T21,0
ARG_22,0
ARG_23,0
ARG_24,0
ARG_25,0
ARG_26,0
ARG_27,0
ARG_28,0
ARG_29,0
ARG_30,0
ARG_31T33,0
ARG_35T39,0
ARG_41T43,0
ARG_45T47,0
ARG_49T53,0
ARG_55T56,0
ARG_58T60,0
ARG_61,0
ARG_62T63,0
ARG_64T66,0
ARG_68,0
ARG_69T82,0
ARG_84,0
ARG_85,0
ARG_86T88,0
ARG_90T96,0
ARG_97T98,0
BRA_01T03,0
BRA_05T06,0
BRA_07T08,0
BRA_09,0
BRA_10T12,0
BRA_13T15,0
BRA_16,0
BRA_17T18,0
BRA_19,0
BRA_20T21,0
BRA_22,0
BRA_23,0
BRA_24,0
BRA_25,0
BRA_26,0
BRA_27,0
BRA_28,0
BRA_29,0
BRA_30,0
BRA_31T33,0
BRA_35T39,0
BRA_41T43,0
BRA_45T47,0
BRA_49T53,0
BRA_55T56,0
BRA_58T60,0
BRA_61,0
BRA_62T63,0
BRA_64T66,0
BRA_68,0
BRA_69T82,0
BRA_84,0
BRA_85,0
BRA_86T88,0
BRA_90T96,0
BRA_97T98,0
BRN_01T03,0
BRN_05T06,0
BRN_07T08,0
BRN_09,0
BRN_10T12,0
BRN_13T15,0
BRN_16,0
BRN_17T18,0
BRN_19,0
BRN_20T21,0
BRN_22,0
BRN_23,0
BRN_24,0
BRN_25,0
BRN_26,0
BRN_27,0
BRN_28,0
BRN_29,0
BRN_30,0
BRN_31T33,0
BRN_35T39,0
BRN_41T43,0
BRN_45T47,0
BRN_49T53,0
BRN_55T56,0
BRN_58T60,0
BRN_61,0
BRN_62T63,0
BRN_64T66,0
BRN_68,0
BRN_69T82,0
BRN_84,0
BRN_85,0
BRN_86T88,0
BRN_90T96,0
BRN_97T98,0
BGR_01T03,0
BGR_05T06,0
BGR_07T08,0
BGR_09,0
BGR_10T12,0
BGR_13T15,0
BGR_16,0
BGR_17T18,0
BGR_19,0
BGR_20T21,0
BGR_22,0
BGR_23,0
BGR_24,0
BGR_25,0
BGR_26,0
BGR_27,0
BGR_28,0
BGR_29,0
BGR_30,0
BGR_31T33,0
BGR_35T39,0
BGR_41T43,0
BGR_45T47,0
BGR_49T53,0
BGR_55T56,0
BGR_58T60,0
BGR_61,0
BGR_62T63,0
BGR_64T66,0
BGR_68,0
BGR_69T82,0
BGR_84,0
BGR_85,0
BGR_86T88,0
BGR_90T96,0
BGR_97T98,0
KHM_01T03,0
KHM_05T06,0
KHM_07T08,0
KHM_09,0
KHM_10T12,0
KHM_13T15,0
KHM_16,0
KHM_17T18,0
KHM_19,0
KHM_20T21,0
KHM_22,0
KHM_23,0
KHM_24,0
KHM_25,0
KHM_26,0
KHM_27,0
KHM_28,0
KHM_29,0
KHM_30,0
KHM_31T33,0
KHM_35T39,0
KHM_41T43,0
KHM_45T47,0
KHM_49T53,0
KHM_55T56,0
KHM_58T60,0
KHM_61,0
KHM_62T63,0
KHM_64T66,0
KHM_68,0
KHM_69T82,0
KHM_84,0
KHM_85,0
KHM_86T88,0
KHM_90T96,0
KHM_97T98,0
CHN_01T03,0
CHN_05T06,0
CHN_07T08,0
CHN_09,0
CHN_10T12,0
CHN_13T15,0
CHN_16,0
CHN_17T18,0
CHN_19,0
CHN_20T21,0
CHN_22,0
CHN_23,0
CHN_24,0
CHN_25,0
CHN_26,0
CHN_27,0
CHN_28,0
CHN_29,0
CHN_30,0
CHN_31T33,0
CHN_35T39,0
CHN_41T43,0
CHN_45T47,0
CHN_49T53,0
CHN_55T56,0
CHN_58T60,0
CHN_61,0
CHN_62T63,0
CHN_64T66,0
CHN_68,0
CHN_69T82,0
CHN_84,0
CHN_85,0
CHN_86T88,0
CHN_90T96,0
CHN_97T98,0
COL_01T03,0
COL_05T06,0
COL_07T08,0
COL_09,0
COL_10T12,0
COL_13T15,0
COL_16,0
COL_17T18,0
COL_19,0
COL_20T21,0
COL_22,0
COL_23,0
COL_24,0
COL_25,0
COL_26,0
COL_27,0
COL_28,0
COL_29,0
COL_30,0
COL_31T33,0
COL_35T39,0
COL_41T43,0
COL_45T47,0
COL_49T53,0
COL_55T56,0
COL_58T60,0
COL_61,0
COL_62T63,0
COL_64T66,0
COL_68,0
COL_69T82,0
COL_84,0
COL_85,0
COL_86T88,0
COL_90T96,0
COL_97T98,0
CRI_01T03,0
CRI_05T06,0
CRI_07T08,0
CRI_09,0
CRI_10T12,0
CRI_13T15,0
CRI_16,0
CRI_17T18,0
CRI_19,0
CRI_20T21,0
CRI_22,0
CRI_23,0
CRI_24,0
CRI_25,0
CRI_26,0
CRI_27,0
CRI_28,0
CRI_29,0
CRI_30,0
CRI_31T33,0
CRI_35T39,0
CRI_41T43,0
CRI_45T47,0
CRI_49T53,0
CRI_55T56,0
CRI_58T60,0
CRI_61,0
CRI_62T63,0
CRI_64T66,0
CRI_68,0
CRI_69T82,0
CRI_84,0
CRI_85,0
CRI_86T88,0
CRI_90T96,0
CRI_97T98,0
HRV_01T03,0
HRV_05T06,0
HRV_07T08,0
HRV_09,0
HRV_10T12,0
HRV_13T15,0
HRV_16,0
HRV_17T18,0
HRV_19,0
HRV_20T21,0
HRV_22,0
HRV_23,0
HRV_24,0
HRV_25,0
HRV_26,0
HRV_27,0
HRV_28,0
HRV_29,0
HRV_30,0
HRV_31T33,0
HRV_35T39,0
HRV_41T43,0
HRV_45T47,0
HRV_49T53,0
HRV_55T56,0
HRV_58T60,0
HRV_61,0
HRV_62T63,0
HRV_64T66,0
HRV_68,0
HRV_69T82,0
HRV_84,0
HRV_85,0
HRV_86T88,0
HRV_90T96,0
HRV_97T98,0
CYP_01T03,0
CYP_05T06,0
CYP_07T08,0
CYP_09,0
CYP_10T12,0
CYP_13T15,0
CYP_16,0
CYP_17T18,0
CYP_19,0
CYP_20T21,0
CYP_22,0
CYP_23,0
CYP_24,0
CYP_25,0
CYP_26,0
CYP_27,0
CYP_28,0
CYP_29,0
CYP_30,0
CYP_31T33,0
CYP_35T39,0
CYP_41T43,0
CYP_45T47,0
CYP_49T53,0
CYP_55T56,0
CYP_58T60,0
CYP_61,0
CYP_62T63,0
CYP_64T66,0
CYP_68,0
CYP_69T82,0
CYP_84,0
CYP_85,0
CYP_86T88,0
CYP_90T96,0
CYP_97T98,0
IND_01T03,0
IND_05T06,0
IND_07T08,0
IND_09,0
IND_10T12,0
IND_13T15,0
IND_16,0
IND_17T18,0
IND_19,0
IND_20T21,0
IND_22,0
IND_23,0
IND_24,0
IND_25,0
IND_26,0
IND_27,0
IND_28,0
IND_29,0
IND_30,0
IND_31T33,0
IND_35T39,0
IND_41T43,0
IND_45T47,0
IND_49T53,0
IND_55T56,0
IND_58T60,0
IND_61,0
IND_62T63,0
IND_64T66,0
IND_68,0
IND_69T82,0
IND_84,0
IND_85,0
IND_86T88,0
IND_90T96,0
IND_97T98,0
IDN_01T03,0
IDN_05T06,0
IDN_07T08,0
IDN_09,0
IDN_10T12,0
IDN_13T15,0
IDN_16,0
IDN_17T18,0
IDN_19,0
IDN_20T21,0
IDN_22,0
IDN_23,0
IDN_24,0
IDN_25,0
IDN_26,0
IDN_27,0
IDN_28,0
IDN_29,0
IDN_30,0
IDN_31T33,0
IDN_35T39,0
IDN_41T43,0
IDN_45T47,0
IDN_49T53,0
IDN_55T56,0
IDN_58T60,0
IDN_61,0
IDN_62T63,0
IDN_64T66,0
IDN_68,0
IDN_69T82,0
IDN_84,0
IDN_85,0
IDN_86T88,0
IDN_90T96,0
IDN_97T98,0
HKG_01T03,0
HKG_05T06,0
HKG_07T08,0
HKG_09,0
HKG_10T12,0
HKG_13T15,0
HKG_16,0
HKG_17T18,0
HKG_19,0
HKG_20T21,0
HKG_22,0
HKG_23,0
HKG_24,0
HKG_25,0
HKG_26,0
HKG_27,0
HKG_28,0
HKG_29,0
HKG_30,0
HKG_31T33,0
HKG_35T39,0
HKG_41T43,0
HKG_45T47,0
HKG_49T53,0
HKG_55T56,0
HKG_58T60,0
HKG_61,0
HKG_62T63,0
HKG_64T66,0
HKG_68,0
HKG_69T82,0
HKG_84,0
HKG_85,0
HKG_86T88,0
HKG_90T96,0
HKG_97T98,0
KAZ_01T03,0
KAZ_05T06,0
KAZ_07T08,0
KAZ_09,0
KAZ_10T12,0
KAZ_13T15,0
KAZ_16,0
KAZ_17T18,0
KAZ_19,0
KAZ_20T21,0
KAZ_22,0
KAZ_23,0
KAZ_24,0
KAZ_25,0
KAZ_26,0
KAZ_27,0
KAZ_28,0
KAZ_29,0
KAZ_30,0
KAZ_31T33,0
KAZ_35T39,0
KAZ_41T43,0
KAZ_45T47,0
KAZ_49T53,0
KAZ_55T56,0
KAZ_58T60,0
KAZ_61,0
KAZ_62T63,0
KAZ_64T66,0
KAZ_68,0
KAZ_69T82,0
KAZ_84,0
KAZ_85,0
KAZ_86T88,0
KAZ_90T96,0
KAZ_97T98,0
MYS_01T03,0
MYS_05T06,0
MYS_07T08,0
MYS_09,0
MYS_10T12,0
MYS_13T15,0
MYS_16,0
MYS_17T18,0
MYS_19,0
MYS_20T21,0
MYS_22,0
MYS_23,0
MYS_24,0
MYS_25,0
MYS_26,0
MYS_27,0
MYS_28,0
MYS_29,0
MYS_30,0
MYS_31T33,0
MYS_35T39,0
MYS_41T43,0
MYS_45T47,0
MYS_49T53,0
MYS_55T56,0
MYS_58T60,0
MYS_61,0
MYS_62T63,0
MYS_64T66,0
MYS_68,0
MYS_69T82,0
MYS_84,0
MYS_85,0
MYS_86T88,0
MYS_90T96,0
MYS_97T98,0
MLT_01T03,0
MLT_05T06,0
MLT_07T08,0
MLT_09,0
MLT_10T12,0
MLT_13T15,0
MLT_16,0
MLT_17T18,0
MLT_19,0
MLT_20T21,0
MLT_22,0
MLT_23,0
MLT_24,0
MLT_25,0
MLT_26,0
MLT_27,0
MLT_28,0
MLT_29,0
MLT_30,0
MLT_31T33,0
MLT_35T39,0
MLT_41T43,0
MLT_45T47,0
MLT_49T53,0
MLT_55T56,0
MLT_58T60,0
MLT_61,0
MLT_62T63,0
MLT_64T66,0
MLT_68,0
MLT_69T82,0
MLT_84,0
MLT_85,0
MLT_86T88,0
MLT_90T96,0
MLT_97T98,0
MAR_01T03,0
MAR_05T06,0
MAR_07T08,0
MAR_09,0
MAR_10T12,0
MAR_13T15,0
MAR_16,0
MAR_17T18,0
MAR_19,0
MAR_20T21,0
MAR_22,0
MAR_23,0
MAR_24,0
MAR_25,0
MAR_26,0
MAR_27,0
MAR_28,0
MAR_29,0
MAR_30,0
MAR_31T33,0
MAR_35T39,0
MAR_41T43,0
MAR_45T47,0
MAR_49T53,0
MAR_55T56,0
MAR_58T60,0
MAR_61,0
MAR_62T63,0
MAR_64T66,0
MAR_68,0
MAR_69T82,0
MAR_84,0
MAR_85,0
MAR_86T88,0
MAR_90T96,0
MAR_97T98,0
PER_01T03,0
PER_05T06,0
PER_07T08,0
PER_09,0
PER_10T12,0
PER_13T15,0
PER_16,0
PER_17T18,0
PER_19,0
PER_20T21,0
PER_22,0
PER_23,0
PER_24,0
PER_25,0
PER_26,0
PER_27,0
PER_28,0
PER_29,0
PER_30,0
PER_31T33,0
PER_35T39,0
PER_41T43,0
PER_45T47,0
PER_49T53,0
PER_55T56,0
PER_58T60,0
PER_61,0
PER_62T63,0
PER_64T66,0
PER_68,0
PER_69T82,0
PER_84,0
PER_85,0
PER_86T88,0
PER_90T96,0
PER_97T98,0
PHL_01T03,0
PHL_05T06,0
PHL_07T08,0
PHL_09,0
PHL_10T12,0
PHL_13T15,0
PHL_16,0
PHL_17T18,0
PHL_19,0
PHL_20T21,0
PHL_22,0
PHL_23,0
PHL_24,0
PHL_25,0
PHL_26,0
PHL_27,0
PHL_28,0
PHL_29,0
PHL_30,0
PHL_31T33,0
PHL_35T39,0
PHL_41T43,0
PHL_45T47,0
PHL_49T53,0
PHL_55T56,0
PHL_58T60,0
PHL_61,0
PHL_62T63,0
PHL_64T66,0
PHL_68,0
PHL_69T82,0
PHL_84,0
PHL_85,0
PHL_86T88,0
PHL_90T96,0
PHL_97T98,0
ROU_01T03,0
ROU_05T06,0
ROU_07T08,0
ROU_09,0
ROU_10T12,0
ROU_13T15,0
ROU_16,0
ROU_17T18,0
ROU_19,0
ROU_20T21,0
ROU_22,0
ROU_23,0
ROU_24,0
ROU_25,0
ROU_26,0
ROU_27,0
ROU_28,0
ROU_29,0
ROU_30,0
ROU_31T33,0
ROU_35T39,0
ROU_41T43,0
ROU_45T47,0
ROU_49T53,0
ROU_55T56,0
ROU_58T60,0
ROU_61,0
ROU_62T63,0
ROU_64T66,0
ROU_68,0
ROU_69T82,0
ROU_84,0
ROU_85,0
ROU_86T88,0
ROU_90T96,0
ROU_97T98,0
RUS_01T03,0
RUS_05T06,0
RUS_07T08,0
RUS_09,0
RUS_10T12,0
RUS_13T15,0
RUS_16,0
RUS_17T18,0
RUS_19,0
RUS_20T21,0
RUS_22,0
RUS_23,0
RUS_24,0
RUS_25,0
RUS_26,0
RUS_27,0
RUS_28,0
RUS_29,0
RUS_30,0
RUS_31T33,0
RUS_35T39,0
RUS_41T43,0
RUS_45T47,0
RUS_49T53,0
RUS_55T56,0
RUS_58T60,0
RUS_61,0
RUS_62T63,0
RUS_64T66,0
RUS_68,0
RUS_69T82,0
RUS_84,0
RUS_85,0
RUS_86T88,0
RUS_90T96,0
RUS_97T98,0
SAU_01T03,0
SAU_05T06,0
SAU_07T08,0
SAU_09,0
SAU_10T12,0
SAU_13T15,0
SAU_16,0
SAU_17T18,0
SAU_19,0
SAU_20T21,0
SAU_22,0
SAU_23,0
SAU_24,0
SAU_25,0
SAU_26,0
SAU_27,0
SAU_28,0
SAU_29,0
SAU_30,0
SAU_31T33,0
SAU_35T39,0
SAU_41T43,0
SAU_45T47,0
SAU_49T53,0
SAU_55T56,0
SAU_58T60,0
SAU_61,0
SAU_62T63,0
SAU_64T66,0
SAU_68,0
SAU_69T82,0
SAU_84,0
SAU_85,0
SAU_86T88,0
SAU_90T96,0
SAU_97T98,0
SGP_01T03,0
SGP_05T06,0
SGP_07T08,0
SGP_09,0
SGP_10T12,0
SGP_13T15,0
SGP_16,0
SGP_17T18,0
SGP_19,0
SGP_20T21,0
SGP_22,0
SGP_23,0
SGP_24,0
SGP_25,0
SGP_26,0
SGP_27,0
SGP_28,0
SGP_29,0
SGP_30,0
SGP_31T33,0
SGP_35T39,0
SGP_41T43,0
SGP_45T47,0
SGP_49T53,0
SGP_55T56,0
SGP_58T60,0
SGP_61,0
SGP_62T63,0
SGP_64T66,0
SGP_68,0
SGP_69T82,0
SGP_84,0
SGP_85,0
SGP_86T88,0
SGP_90T96,0
SGP_97T98,0
ZAF_01T03,0
ZAF_05T06,0
ZAF_07T08,0
ZAF_09,0
ZAF_10T12,0
ZAF_13T15,0
ZAF_16,0
ZAF_17T18,0
ZAF_19,0
ZAF_20T21,0
ZAF_22,0
ZAF_23,0
ZAF_24,0
ZAF_25,0
ZAF_26,0
ZAF_27,0
ZAF_28,0
ZAF_29,0
ZAF_30,0
ZAF_31T33,0
ZAF_35T39,0
ZAF_41T43,0
ZAF_45T47,0
ZAF_49T53,0
ZAF_55T56,0
ZAF_58T60,0
ZAF_61,0
ZAF_62T63,0
ZAF_64T66,0
ZAF_68,0
ZAF_69T82,0
ZAF_84,0
ZAF_85,0
ZAF_86T88,0
ZAF_90T96,0
ZAF_97T98,0
TWN_01T03,0
TWN_05T06,0
TWN_07T08,0
TWN_09,0
TWN_10T12,0
TWN_13T15,0
TWN_16,0
TWN_17T18,0
TWN_19,0
TWN_20T21,0
TWN_22,0
TWN_23,0
TWN_24,0
TWN_25,0
TWN_26,0
TWN_27,0
TWN_28,0
TWN_29,0
TWN_30,0
TWN_31T33,0
TWN_35T39,0
TWN_41T43,0
TWN_45T47,0
TWN_49T53,0
TWN_55T56,0
TWN_58T60,0
TWN_61,0
TWN_62T63,0
TWN_64T66,0
TWN_68,0
TWN_69T82,0
TWN_84,0
TWN_85,0
TWN_86T88,0
TWN_90T96,0
TWN_97T98,0
THA_01T03,0
THA_05T06,0
THA_07T08,0
THA_09,0
THA_10T12,0
THA_13T15,0
THA_16,0
THA_17T18,0
THA_19,0
THA_20T21,0
THA_22,0
THA_23,0
THA_24,0
THA_25,0
THA_26,0
THA_27,0
THA_28,0
THA_29,0
THA_30,0
THA_31T33,0
THA_35T39,0
THA_41T43,0
THA_45T47,0
THA_49T53,0
THA_55T56,0
THA_58T60,0
THA_61,0
THA_62T63,0
THA_64T66,0
THA_68,0
THA_69T82,0
THA_84,0
THA_85,0
THA_86T88,0
THA_90T96,0
THA_97T98,0
TUN_01T03,0
TUN_05T06,0
TUN_07T08,0
TUN_09,0
TUN_10T12,0
TUN_13T15,0
TUN_16,0
TUN_17T18,0
TUN_19,0
TUN_20T21,0
TUN_22,0
TUN_23,0
TUN_24,0
TUN_25,0
TUN_26,0
TUN_27,0
TUN_28,0
TUN_29,0
TUN_30,0
TUN_31T33,0
TUN_35T39,0
TUN_41T43,0
TUN_45T47,0
TUN_49T53,0
TUN_55T56,0
TUN_58T60,0
TUN_61,0
TUN_62T63,0
TUN_64T66,0
TUN_68,0
TUN_69T82,0
TUN_84,0
TUN_85,0
TUN_86T88,0
TUN_90T96,0
TUN_97T98,0
VNM_01T03,0
VNM_05T06,0
VNM_07T08,0
VNM_09,0
VNM_10T12,0
VNM_13T15,0
VNM_16,0
VNM_17T18,0
VNM_19,0
VNM_20T21,0
VNM_22,0
VNM_23,0
VNM_24,0
VNM_25,0
VNM_26,0
VNM_27,0
VNM_28,0
VNM_29,0
VNM_30,0
VNM_31T33,0
VNM_35T39,0
VNM_41T43,0
VNM_45T47,0
VNM_49T53,0
VNM_55T56,0
VNM_58T60,0
VNM_61,0
VNM_62T63,0
VNM_64T66,0
VNM_68,0
VNM_69T82,0
VNM_84,0
VNM_85,0
VNM_86T88,0
VNM_90T96,0
VNM_97T98,0
BOL_01T03,0
BOL_05T06,0
BOL_07T08,0
BOL_09,0
BOL_10T12,0
BOL_13T15,0
BOL_16,0
BOL_17T18,0
BOL_19,0
BOL_20T21,0
BOL_22,0
BOL_23,0
BOL_24,0
BOL_25,0
BOL_26,0
BOL_27,0
BOL_28,0
BOL_29,0
BOL_30,0
BOL_31T33,0
BOL_35T39,0
BOL_41T43,0
BOL_45T47,0
BOL_49T53,0
BOL_55T56,0
BOL_58T60,0
BOL_61,0
BOL_62T63,0
BOL_64T66,0
BOL_68,0
BOL_69T82,0
BOL_84,0
BOL_85,0
BOL_86T88,0
BOL_90T96,0
BOL_97T98,0
PAN_01T03,0
PAN_05T06,0
PAN_07T08,0
PAN_09,0
PAN_10T12,0
PAN_13T15,0
PAN_16,0
PAN_17T18,0
PAN_19,0
PAN_20T21,0
PAN_22,0
PAN_23,0
PAN_24,0
PAN_25,0
PAN_26,0
PAN_27,0
PAN_28,0
PAN_29,0
PAN_30,0
PAN_31T33,0
PAN_35T39,0
PAN_41T43,0
PAN_45T47,0
PAN_49T53,0
PAN_55T56,0
PAN_58T60,0
PAN_61,0
PAN_62T63,0
PAN_64T66,0
PAN_68,0
PAN_69T82,0
PAN_84,0
PAN_85,0
PAN_86T88,0
PAN_90T96,0
PAN_97T98,0
ECU_01T03,0
ECU_05T06,0
ECU_07T08,0
ECU_09,0
ECU_10T12,0
ECU_13T15,0
ECU_16,0
ECU_17T18,0
ECU_19,0
ECU_20T21,0
ECU_22,0
ECU_23,0
ECU_24,0
ECU_25,0
ECU_26,0
ECU_27,0
ECU_28,0
ECU_29,0
ECU_30,0
ECU_31T33,0
ECU_35T39,0
ECU_41T43,0
ECU_45T47,0
ECU_49T53,0
ECU_55T56,0
ECU_58T60,0
ECU_61,0
ECU_62T63,0
ECU_64T66,0
ECU_68,0
ECU_69T82,0
ECU_84,0
ECU_85,0
ECU_86T88,0
ECU_90T96,0
ECU_97T98,0
TTO_01T03,0
TTO_05T06,0
TTO_07T08,0
TTO_09,0
TTO_10T12,0
TTO_13T15,0
TTO_16,0
TTO_17T18,0
TTO_19,0
TTO_20T21,0
TTO_22,0
TTO_23,0
TTO_24,0
TTO_25,0
TTO_26,0
TTO_27,0
TTO_28,0
TTO_29,0
TTO_30,0
TTO_31T33,0
TTO_35T39,0
TTO_41T43,0
TTO_45T47,0
TTO_49T53,0
TTO_55T56,0
TTO_58T60,0
TTO_61,0
TTO_62T63,0
TTO_64T66,0
TTO_68,0
TTO_69T82,0
TTO_84,0
TTO_85,0
TTO_86T88,0
TTO_90T96,0
TTO_97T98,0
DOM_01T03,0
DOM_05T06,0
DOM_07T08,0
DOM_09,0
DOM_10T12,0
DOM_13T15,0
DOM_16,0
DOM_17T18,0
DOM_19,0
DOM_20T21,0
DOM_22,0
DOM_23,0
DOM_24,0
DOM_25,0
DOM_26,0
DOM_27,0
DOM_28,0
DOM_29,0
DOM_30,0
DOM_31T33,0
DOM_35T39,0
DOM_41T43,0
DOM_45T47,0
DOM_49T53,0
DOM_55T56,0
DOM_58T60,0
DOM_61,0
DOM_62T63,0
DOM_64T66,0
DOM_68,0
DOM_69T82,0
DOM_84,0
DOM_85,0
DOM_86T88,0
DOM_90T96,0
DOM_97T98,0
GTM_01T03,0
GTM_05T06,0
GTM_07T08,0
GTM_09,0
GTM_10T12,0
GTM_13T15,0
GTM_16,0
GTM_17T18,0
GTM_19,0
GTM_20T21,0
GTM_22,0
GTM_23,0
GTM_24,0
GTM_25,0
GTM_26,0
GTM_27,0
GTM_28,0
GTM_29,0
GTM_30,0
GTM_31T33,0
GTM_35T39,0
GTM_41T43,0
GTM_45T47,0
GTM_49T53,0
GTM_55T56,0
GTM_58T60,0
GTM_61,0
GTM_62T63,0
GTM_64T66,0
GTM_68,0
GTM_69T82,0
GTM_84,0
GTM_85,0
GTM_86T88,0
GTM_90T96,0
GTM_97T98,0
QAT_01T03,0
QAT_05T06,0
QAT_07T08,0
QAT_09,0
QAT_10T12,0
QAT_13T15,0
QAT_16,0
QAT_17T18,0
QAT_19,0
QAT_20T21,0
QAT_22,0
QAT_23,0
QAT_24,0
QAT_25,0
QAT_26,0
QAT_27,0
QAT_28,0
QAT_29,0
QAT_30,0
QAT_31T33,0
QAT_35T39,0
QAT_41T43,0
QAT_45T47,0
QAT_49T53,0
QAT_55T56,0
QAT_58T60,0
QAT_61,0
QAT_62T63,0
QAT_64T66,0
QAT_68,0
QAT_69T82,0
QAT_84,0
QAT_85,0
QAT_86T88,0
QAT_90T96,0
QAT_97T98,0
BWA_01T03,0
BWA_05T06,0
BWA_07T08,0
BWA_09,0
BWA_10T12,0
BWA_13T15,0
BWA_16,0
BWA_17T18,0
BWA_19,0
BWA_20T21,0
BWA_22,0
BWA_23,0
BWA_24,0
BWA_25,0
BWA_26,0
BWA_27,0
BWA_28,0
BWA_29,0
BWA_30,0
BWA_31T33,0
BWA_35T39,0
BWA_41T43,0
BWA_45T47,0
BWA_49T53,0
BWA_55T56,0
BWA_58T60,0
BWA_61,0
BWA_62T63,0
BWA_64T66,0
BWA_68,0
BWA_69T82,0
BWA_84,0
BWA_85,0
BWA_86T88,0
BWA_90T96,0
BWA_97T98,0
COD_01T03,0
COD_05T06,0
COD_07T08,0
COD_09,0
COD_10T12,0
COD_13T15,0
COD_16,0
COD_17T18,0
COD_19,0
COD_20T21,0
COD_22,0
COD_23,0
COD_24,0
COD_25,0
COD_26,0
COD_27,0
COD_28,0
COD_29,0
COD_30,0
COD_31T33,0
COD_35T39,0
COD_41T43,0
COD_45T47,0
COD_49T53,0
COD_55T56,0
COD_58T60,0
COD_61,0
COD_62T63,0
COD_64T66,0
COD_68,0
COD_69T82,0
COD_84,0
COD_85,0
COD_86T88,0
COD_90T96,0
COD_97T98,0
SLV_01T03,0
SLV_05T06,0
SLV_07T08,0
SLV_09,0
SLV_10T12,0
SLV_13T15,0
SLV_16,0
SLV_17T18,0
SLV_19,0
SLV_20T21,0
SLV_22,0
SLV_23,0
SLV_24,0
SLV_25,0
SLV_26,0
SLV_27,0
SLV_28,0
SLV_29,0
SLV_30,0
SLV_31T33,0
SLV_35T39,0
SLV_41T43,0
SLV_45T47,0
SLV_49T53,0
SLV_55T56,0
SLV_58T60,0
SLV_61,0
SLV_62T63,0
SLV_64T66,0
SLV_68,0
SLV_69T82,0
SLV_84,0
SLV_85,0
SLV_86T88,0
SLV_90T96,0
SLV_97T98,0
ETH_01T03,0
ETH_05T06,0
ETH_07T08,0
ETH_09,0
ETH_10T12,0
ETH_13T15,0
ETH_16,0
ETH_17T18,0
ETH_19,0
ETH_20T21,0
ETH_22,0
ETH_23,0
ETH_24,0
ETH_25,0
ETH_26,0
ETH_27,0
ETH_28,0
ETH_29,0
ETH_30,0
ETH_31T33,0
ETH_35T39,0
ETH_41T43,0
ETH_45T47,0
ETH_49T53,0
ETH_55T56,0
ETH_58T60,0
ETH_61,0
ETH_62T63,0
ETH_64T66,0
ETH_68,0
ETH_69T82,0
ETH_84,0
ETH_85,0
ETH_86T88,0
ETH_90T96,0
ETH_97T98,0
GHA_01T03,0
GHA_05T06,0
GHA_07T08,0
GHA_09,0
GHA_10T12,0
GHA_13T15,0
GHA_16,0
GHA_17T18,0
GHA_19,0
GHA_20T21,0
GHA_22,0
GHA_23,0
GHA_24,0
GHA_25,0
GHA_26,0
GHA_27,0
GHA_28,0
GHA_29,0
GHA_30,0
GHA_31T33,0
GHA_35T39,0
GHA_41T43,0
GHA_45T47,0
GHA_49T53,0
GHA_55T56,0
GHA_58T60,0
GHA_61,0
GHA_62T63,0
GHA_64T66,0
GHA_68,0
GHA_69T82,0
GHA_84,0
GHA_85,0
GHA_86T88,0
GHA_90T96,0
GHA_97T98,0
HND_01T03,0
HND_05T06,0
HND_07T08,0
HND_09,0
HND_10T12,0
HND_13T15,0
HND_16,0
HND_17T18,0
HND_19,0
HND_20T21,0
HND_22,0
HND_23,0
HND_24,0
HND_25,0
HND_26,0
HND_27,0
HND_28,0
HND_29,0
HND_30,0
HND_31T33,0
HND_35T39,0
HND_41T43,0
HND_45T47,0
HND_49T53,0
HND_55T56,0
HND_58T60,0
HND_61,0
HND_62T63,0
HND_64T66,0
HND_68,0
HND_69T82,0
HND_84,0
HND_85,0
HND_86T88,0
HND_90T96,0
HND_97T98,0
CIV_01T03,0
CIV_05T06,0
CIV_07T08,0
CIV_09,0
CIV_10T12,0
CIV_13T15,0
CIV_16,0
CIV_17T18,0
CIV_19,0
CIV_20T21,0
CIV_22,0
CIV_23,0
CIV_24,0
CIV_25,0
CIV_26,0
CIV_27,0
CIV_28,0
CIV_29,0
CIV_30,0
CIV_31T33,0
CIV_35T39,0
CIV_41T43,0
CIV_45T47,0
CIV_49T53,0
CIV_55T56,0
CIV_58T60,0
CIV_61,0
CIV_62T63,0
CIV_64T66,0
CIV_68,0
CIV_69T82,0
CIV_84,0
CIV_85,0
CIV_86T88,0
CIV_90T96,0
CIV_97T98,0
JAM_01T03,0
JAM_05T06,0
JAM_07T08,0
JAM_09,0
JAM_10T12,0
JAM_13T15,0
JAM_16,0
JAM_17T18,0
JAM_19,0
JAM_20T21,0
JAM_22,0
JAM_23,0
JAM_24,0
JAM_25,0
JAM_26,0
JAM_27,0
JAM_28,0
JAM_29,0
JAM_30,0
JAM_31T33,0
JAM_35T39,0
JAM_41T43,0
JAM_45T47,0
JAM_49T53,0
JAM_55T56,0
JAM_58T60,0
JAM_61,0
JAM_62T63,0
JAM_64T66,0
JAM_68,0
JAM_69T82,0
JAM_84,0
JAM_85,0
JAM_86T88,0
JAM_90T96,0
JAM_97T98,0
LSO_01T03,0
LSO_05T06,0
LSO_07T08,0
LSO_09,0
LSO_10T12,0
LSO_13T15,0
LSO_16,0
LSO_17T18,0
LSO_19,0
LSO_20T21,0
LSO_22,0
LSO_23,0
LSO_24,0
LSO_25,0
LSO_26,0
LSO_27,0
LSO_28,0
LSO_29,0
LSO_30,0
LSO_31T33,0
LSO_35T39,0
LSO_41T43,0
LSO_45T47,0
LSO_49T53,0
LSO_55T56,0
LSO_58T60,0
LSO_61,0
LSO_62T63,0
LSO_64T66,0
LSO_68,0
LSO_69T82,0
LSO_84,0
LSO_85,0
LSO_86T88,0
LSO_90T96,0
LSO_97T98,0
MOZ_01T03,0
MOZ_05T06,0
MOZ_07T08,0
MOZ_09,0
MOZ_10T12,0
MOZ_13T15,0
MOZ_16,0
MOZ_17T18,0
MOZ_19,0
MOZ_20T21,0
MOZ_22,0
MOZ_23,0
MOZ_24,0
MOZ_25,0
MOZ_26,0
MOZ_27,0
MOZ_28,0
MOZ_29,0
MOZ_30,0
MOZ_31T33,0
MOZ_35T39,0
MOZ_41T43,0
MOZ_45T47,0
MOZ_49T53,0
MOZ_55T56,0
MOZ_58T60,0
MOZ_61,0
MOZ_62T63,0
MOZ_64T66,0
MOZ_68,0
MOZ_69T82,0
MOZ_84,0
MOZ_85,0
MOZ_86T88,0
MOZ_90T96,0
MOZ_97T98,0
MMR_01T03,0
MMR_05T06,0
MMR_07T08,0
MMR_09,0
MMR_10T12,0
MMR_13T15,0
MMR_16,0
MMR_17T18,0
MMR_19,0
MMR_20T21,0
MMR_22,0
MMR_23,0
MMR_24,0
MMR_25,0
MMR_26,0
MMR_27,0
MMR_28,0
MMR_29,0
MMR_30,0
MMR_31T33,0
MMR_35T39,0
MMR_41T43,0
MMR_45T47,0
MMR_49T53,0
MMR_55T56,0
MMR_58T60,0
MMR_61,0
MMR_62T63,0
MMR_64T66,0
MMR_68,0
MMR_69T82,0
MMR_84,0
MMR_85,0
MMR_86T88,0
MMR_90T96,0
MMR_97T98,0
NAM_01T03,0
NAM_05T06,0
NAM_07T08,0
NAM_09,0
NAM_10T12,0
NAM_13T15,0
NAM_16,0
NAM_17T18,0
NAM_19,0
NAM_20T21,0
NAM_22,0
NAM_23,0
NAM_24,0
NAM_25,0
NAM_26,0
NAM_27,0
NAM_28,0
NAM_29,0
NAM_30,0
NAM_31T33,0
NAM_35T39,0
NAM_41T43,0
NAM_45T47,0
NAM_49T53,0
NAM_55T56,0
NAM_58T60,0
NAM_61,0
NAM_62T63,0
NAM_64T66,0
NAM_68,0
NAM_69T82,0
NAM_84,0
NAM_85,0
NAM_86T88,0
NAM_90T96,0
NAM_97T98,0
NGA_01T03,0
NGA_05T06,0
NGA_07T08,0
NGA_09,0
NGA_10T12,0
NGA_13T15,0
NGA_16,0
NGA_17T18,0
NGA_19,0
NGA_20T21,0
NGA_22,0
NGA_23,0
NGA_24,0
NGA_25,0
NGA_26,0
NGA_27,0
NGA_28,0
NGA_29,0
NGA_30,0
NGA_31T33,0
NGA_35T39,0
NGA_41T43,0
NGA_45T47,0
NGA_49T53,0
NGA_55T56,0
NGA_58T60,0
NGA_61,0
NGA_62T63,0
NGA_64T66,0
NGA_68,0
NGA_69T82,0
NGA_84,0
NGA_85,0
NGA_86T88,0
NGA_90T96,0
NGA_97T98,0
PRY_01T03,0
PRY_05T06,0
PRY_07T08,0
PRY_09,0
PRY_10T12,0
PRY_13T15,0
PRY_16,0
PRY_17T18,0
PRY_19,0
PRY_20T21,0
PRY_22,0
PRY_23,0
PRY_24,0
PRY_25,0
PRY_26,0
PRY_27,0
PRY_28,0
PRY_29,0
PRY_30,0
PRY_31T33,0
PRY_35T39,0
PRY_41T43,0
PRY_45T47,0
PRY_49T53,0
PRY_55T56,0
PRY_58T60,0
PRY_61,0
PRY_62T63,0
PRY_64T66,0
PRY_68,0
PRY_69T82,0
PRY_84,0
PRY_85,0
PRY_86T88,0
PRY_90T96,0
PRY_97T98,0
RWA_01T03,0
RWA_05T06,0
RWA_07T08,0
RWA_09,0
RWA_10T12,0
RWA_13T15,0
RWA_16,0
RWA_17T18,0
RWA_19,0
RWA_20T21,0
RWA_22,0
RWA_23,0
RWA_24,0
RWA_25,0
RWA_26,0
RWA_27,0
RWA_28,0
RWA_29,0
RWA_30,0
RWA_31T33,0
RWA_35T39,0
RWA_41T43,0
RWA_45T47,0
RWA_49T53,0
RWA_55T56,0
RWA_58T60,0
RWA_61,0
RWA_62T63,0
RWA_64T66,0
RWA_68,0
RWA_69T82,0
RWA_84,0
RWA_85,0
RWA_86T88,0
RWA_90T96,0
RWA_97T98,0
LKA_01T03,0
LKA_05T06,0
LKA_07T08,0
LKA_09,0
LKA_10T12,0
LKA_13T15,0
LKA_16,0
LKA_17T18,0
LKA_19,0
LKA_20T21,0
LKA_22,0
LKA_23,0
LKA_24,0
LKA_25,0
LKA_26,0
LKA_27,0
LKA_28,0
LKA_29,0
LKA_30,0
LKA_31T33,0
LKA_35T39,0
LKA_41T43,0
LKA_45T47,0
LKA_49T53,0
LKA_55T56,0
LKA_58T60,0
LKA_61,0
LKA_62T63,0
LKA_64T66,0
LKA_68,0
LKA_69T82,0
LKA_84,0
LKA_85,0
LKA_86T88,0
LKA_90T96,0
LKA_97T98,0
SWZ_01T03,0
SWZ_05T06,0
SWZ_07T08,0
SWZ_09,0
SWZ_10T12,0
SWZ_13T15,0
SWZ_16,0
SWZ_17T18,0
SWZ_19,0
SWZ_20T21,0
SWZ_22,0
SWZ_23,0
SWZ_24,0
SWZ_25,0
SWZ_26,0
SWZ_27,0
SWZ_28,0
SWZ_29,0
SWZ_30,0
SWZ_31T33,0
SWZ_35T39,0
SWZ_41T43,0
SWZ_45T47,0
SWZ_49T53,0
SWZ_55T56,0
SWZ_58T60,0
SWZ_61,0
SWZ_62T63,0
SWZ_64T66,0
SWZ_68,0
SWZ_69T82,0
SWZ_84,0
SWZ_85,0
SWZ_86T88,0
SWZ_90T96,0
SWZ_97T98,0
TZA_01T03,0
TZA_05T06,0
TZA_07T08,0
TZA_09,0
TZA_10T12,0
TZA_13T15,0
TZA_16,0
TZA_17T18,0
TZA_19,0
TZA_20T21,0
TZA_22,0
TZA_23,0
TZA_24,0
TZA_25,0
TZA_26,0
TZA_27,0
TZA_28,0
TZA_29,0
TZA_30,0
TZA_31T33,0
TZA_35T39,0
TZA_41T43,0
TZA_45T47,0
TZA_49T53,0
TZA_55T56,0
TZA_58T60,0
TZA_61,0
TZA_62T63,0
TZA_64T66,0
TZA_68,0
TZA_69T82,0
TZA_84,0
TZA_85,0
TZA_86T88,0
TZA_90T96,0
TZA_97T98,0
UGA_01T03,0
UGA_05T06,0
UGA_07T08,0
UGA_09,0
UGA_10T12,0
UGA_13T15,0
UGA_16,0
UGA_17T18,0
UGA_19,0
UGA_20T21,0
UGA_22,0
UGA_23,0
UGA_24,0
UGA_25,0
UGA_26,0
UGA_27,0
UGA_28,0
UGA_29,0
UGA_30,0
UGA_31T33,0
UGA_35T39,0
UGA_41T43,0
UGA_45T47,0
UGA_49T53,0
UGA_55T56,0
UGA_58T60,0
UGA_61,0
UGA_62T63,0
UGA_64T66,0
UGA_68,0
UGA_69T82,0
UGA_84,0
UGA_85,0
UGA_86T88,0
UGA_90T96,0
UGA_97T98,0
UKR_01T03,0
UKR_05T06,0
UKR_07T08,0
UKR_09,0
UKR_10T12,0
UKR_13T15,0
UKR_16,0
UKR_17T18,0
UKR_19,0
UKR_20T21,0
UKR_22,0
UKR_23,0
UKR_24,0
UKR_25,0
UKR_26,0
UKR_27,0
UKR_28,0
UKR_29,0
UKR_30,0
UKR_31T33,0
UKR_35T39,0
UKR_41T43,0
UKR_45T47,0
UKR_49T53,0
UKR_55T56,0
UKR_58T60,0
UKR_61,0
UKR_62T63,0
UKR_64T66,0
UKR_68,0
UKR_69T82,0
UKR_84,0
UKR_85,0
UKR_86T88,0
UKR_90T96,0
UKR_97T98,0
ZMB_01T03,0
ZMB_05T06,0
ZMB_07T08,0
ZMB_09,0
ZMB_10T12,0
ZMB_13T15,0
ZMB_16,0
ZMB_17T18,0
ZMB_19,0
ZMB_20T21,0
ZMB_22,0
ZMB_23,0
ZMB_24,0
ZMB_25,0
ZMB_26,0
ZMB_27,0
ZMB_28,0
ZMB_29,0
ZMB_30,0
ZMB_31T33,0
ZMB_35T39,0
ZMB_41T43,0
ZMB_45T47,0
ZMB_49T53,0
ZMB_55T56,0
ZMB_58T60,0
ZMB_61,0
ZMB_62T63,0
ZMB_64T66,0
ZMB_68,0
ZMB_69T82,0
ZMB_84,0
ZMB_85,0
ZMB_86T88,0
ZMB_90T96,0
ZMB_97T98,0
EGY_01T03,0
EGY_05T06,0
EGY_07T08,0
EGY_09,0
EGY_10T12,0
EGY_13T15,0
EGY_16,0
EGY_17T18,0
EGY_19,0
EGY_20T21,0
EGY_22,0
EGY_23,0
EGY_24,0
EGY_25,0
EGY_26,0
EGY_27,0
EGY_28,0
EGY_29,0
EGY_30,0
EGY_31T33,0
EGY_35T39,0
EGY_41T43,0
EGY_45T47,0
EGY_49T53,0
EGY_55T56,0
EGY_58T60,0
EGY_61,0
EGY_62T63,0
EGY_64T66,0
EGY_68,0
EGY_69T82,0
EGY_84,0
EGY_85,0
EGY_86T88,0
EGY_90T96,0
EGY_97T98,0
KEN_01T03,0
KEN_05T06,0
KEN_07T08,0
KEN_09,0
KEN_10T12,0
KEN_13T15,0
KEN_16,0
KEN_17T18,0
KEN_19,0
KEN_20T21,0
KEN_22,0
KEN_23,0
KEN_24,0
KEN_25,0
KEN_26,0
KEN_27,0
KEN_28,0
KEN_29,0
KEN_30,0
KEN_31T33,0
KEN_35T39,0
KEN_41T43,0
KEN_45T47,0
KEN_49T53,0
KEN_55T56,0
KEN_58T60,0
KEN_61,0
KEN_62T63,0
KEN_64T66,0
KEN_68,0
KEN_69T82,0
KEN_84,0
KEN_85,0
KEN_86T88,0
KEN_90T96,0
KEN_97T98,0
ARE_01T03,0
ARE_05T06,0
ARE_07T08,0
ARE_09,0
ARE_10T12,0
ARE_13T15,0
ARE_16,0
ARE_17T18,0
ARE_19,0
ARE_20T21,0
ARE_22,0
ARE_23,0
ARE_24,0
ARE_25,0
ARE_26,0
ARE_27,0
ARE_28,0
ARE_29,0
ARE_30,0
ARE_31T33,0
ARE_35T39,0
ARE_41T43,0
ARE_45T47,0
ARE_49T53,0
ARE_55T56,0
ARE_58T60,0
ARE_61,0
ARE_62T63,0
ARE_64T66,0
ARE_68,0
ARE_69T82,0
ARE_84,0
ARE_85,0
ARE_86T88,0
ARE_90T96,0
ARE_97T98,0
PRI_01T03,0
PRI_05T06,0
PRI_07T08,0
PRI_09,0
PRI_10T12,0
PRI_13T15,0
PRI_16,0
PRI_17T18,0
PRI_19,0
PRI_20T21,0
PRI_22,0
PRI_23,0
PRI_24,0
PRI_25,0
PRI_26,0
PRI_27,0
PRI_28,0
PRI_29,0
PRI_30,0
PRI_31T33,0
PRI_35T39,0
PRI_41T43,0
PRI_45T47,0
PRI_49T53,0
PRI_55T56,0
PRI_58T60,0
PRI_61,0
PRI_62T63,0
PRI_64T66,0
PRI_68,0
PRI_69T82,0
PRI_84,0
PRI_85,0
PRI_86T88,0
PRI_90T96,0
PRI_97T98,0
BGD_01T03,0
BGD_05T06,0
BGD_07T08,0
BGD_09,0
BGD_10T12,0
BGD_13T15,0
BGD_16,0
BGD_17T18,0
BGD_19,0
BGD_20T21,0
BGD_22,0
BGD_23,0
BGD_24,0
BGD_25,0
BGD_26,0
BGD_27,0
BGD_28,0
BGD_29,0
BGD_30,0
BGD_31T33,0
BGD_35T39,0
BGD_41T43,0
BGD_45T47,0
BGD_49T53,0
BGD_55T56,0
BGD_58T60,0
BGD_61,0
BGD_62T63,0
BGD_64T66,0
BGD_68,0
BGD_69T82,0
BGD_84,0
BGD_85,0
BGD_86T88,0
BGD_90T96,0
BGD_97T98,0
IRN_01T03,0
IRN_05T06,0
IRN_07T08,0
IRN_09,0
IRN_10T12,0
IRN_13T15,0
IRN_16,0
IRN_17T18,0
IRN_19,0
IRN_20T21,0
IRN_22,0
IRN_23,0
IRN_24,0
IRN_25,0
IRN_26,0
IRN_27,0
IRN_28,0
IRN_29,0
IRN_30,0
IRN_31T33,0
IRN_35T39,0
IRN_41T43,0
IRN_45T47,0
IRN_49T53,0
IRN_55T56,0
IRN_58T60,0
IRN_61,0
IRN_62T63,0
IRN_64T66,0
IRN_68,0
IRN_69T82,0
IRN_84,0
IRN_85,0
IRN_86T88,0
IRN_90T96,0
IRN_97T98,0
PAK_01T03,0
PAK_05T06,0
PAK_07T08,0
PAK_09,0
PAK_10T12,0
PAK_13T15,0
PAK_16,0
PAK_17T18,0
PAK_19,0
PAK_20T21,0
PAK_22,0
PAK_23,0
PAK_24,0
PAK_25,0
PAK_26,0
PAK_27,0
PAK_28,0
PAK_29,0
PAK_30,0
PAK_31T33,0
PAK_35T39,0
PAK_41T43,0
PAK_45T47,0
PAK_49T53,0
PAK_55T56,0
PAK_58T60,0
PAK_61,0
PAK_62T63,0
PAK_64T66,0
PAK_68,0
PAK_69T82,0
PAK_84,0
PAK_85,0
PAK_86T88,0
PAK_90T96,0
PAK_97T98,0
KWT_01T03,0
KWT_05T06,0
KWT_07T08,0
KWT_09,0
KWT_10T12,0
KWT_13T15,0
KWT_16,0
KWT_17T18,0
KWT_19,0
KWT_20T21,0
KWT_22,0
KWT_23,0
KWT_24,0
KWT_25,0
KWT_26,0
KWT_27,0
KWT_28,0
KWT_29,0
KWT_30,0
KWT_31T33,0
KWT_35T39,0
KWT_41T43,0
KWT_45T47,0
KWT_49T53,0
KWT_55T56,0
KWT_58T60,0
KWT_61,0
KWT_62T63,0
KWT_64T66,0
KWT_68,0
KWT_69T82,0
KWT_84,0
KWT_85,0
KWT_86T88,0
KWT_90T96,0
KWT_97T98,0
OMN_01T03,0
OMN_05T06,0
OMN_07T08,0
OMN_09,0
OMN_10T12,0
OMN_13T15,0
OMN_16,0
OMN_17T18,0
OMN_19,0
OMN_20T21,0
OMN_22,0
OMN_23,0
OMN_24,0
OMN_25,0
OMN_26,0
OMN_27,0
OMN_28,0
OMN_29,0
OMN_30,0
OMN_31T33,0
OMN_35T39,0
OMN_41T43,0
OMN_45T47,0
OMN_49T53,0
OMN_55T56,0
OMN_58T60,0
OMN_61,0
OMN_62T63,0
OMN_64T66,0
OMN_68,0
OMN_69T82,0
OMN_84,0
OMN_85,0
OMN_86T88,0
OMN_90T96,0
OMN_97T98,0
ABW_01T03,0
ABW_05T06,0
ABW_07T08,0
ABW_09,0
ABW_10T12,0
ABW_13T15,0
ABW_16,0
ABW_17T18,0
ABW_19,0
ABW_20T21,0
ABW_22,0
ABW_23,0
ABW_24,0
ABW_25,0
ABW_26,0
ABW_27,0
ABW_28,0
ABW_29,0
ABW_30,0
ABW_31T33,0
ABW_35T39,0
ABW_41T43,0
ABW_45T47,0
ABW_49T53,0
ABW_55T56,0
ABW_58T60,0
ABW_61,0
ABW_62T63,0
ABW_64T66,0
ABW_68,0
ABW_69T82,0
ABW_84,0
ABW_85,0
ABW_86T88,0
ABW_90T96,0
ABW_97T98,0
AGO_01T03,0
AGO_05T06,0
AGO_07T08,0
AGO_09,0
AGO_10T12,0
AGO_13T15,0
AGO_16,0
AGO_17T18,0
AGO_19,0
AGO_20T21,0
AGO_22,0
AGO_23,0
AGO_24,0
AGO_25,0
AGO_26,0
AGO_27,0
AGO_28,0
AGO_29,0
AGO_30,0
AGO_31T33,0
AGO_35T39,0
AGO_41T43,0
AGO_45T47,0
AGO_49T53,0
AGO_55T56,0
AGO_58T60,0
AGO_61,0
AGO_62T63,0
AGO_64T66,0
AGO_68,0
AGO_69T82,0
AGO_84,0
AGO_85,0
AGO_86T88,0
AGO_90T96,0
AGO_97T98,0
ALB_01T03,0
ALB_05T06,0
ALB_07T08,0
ALB_09,0
ALB_10T12,0
ALB_13T15,0
ALB_16,0
ALB_17T18,0
ALB_19,0
ALB_20T21,0
ALB_22,0
ALB_23,0
ALB_24,0
ALB_25,0
ALB_26,0
ALB_27,0
ALB_28,0
ALB_29,0
ALB_30,0
ALB_31T33,0
ALB_35T39,0
ALB_41T43,0
ALB_45T47,0
ALB_49T53,0
ALB_55T56,0
ALB_58T60,0
ALB_61,0
ALB_62T63,0
ALB_64T66,0
ALB_68,0
ALB_69T82,0
ALB_84,0
ALB_85,0
ALB_86T88,0
ALB_90T96,0
ALB_97T98,0
ANG_01T03,0
ANG_05T06,0
ANG_07T08,0
ANG_09,0
ANG_10T12,0
ANG_13T15,0
ANG_16,0
ANG_17T18,0
ANG_19,0
ANG_20T21,0
ANG_22,0
ANG_23,0
ANG_24,0
ANG_25,0
ANG_26,0
ANG_27,0
ANG_28,0
ANG_29,0
ANG_30,0
ANG_31T33,0
ANG_35T39,0
ANG_41T43,0
ANG_45T47,0
ANG_49T53,0
ANG_55T56,0
ANG_58T60,0
ANG_61,0
ANG_62T63,0
ANG_64T66,0
ANG_68,0
ANG_69T82,0
ANG_84,0
ANG_85,0
ANG_86T88,0
ANG_90T96,0
ANG_97T98,0
ARM_01T03,0
ARM_05T06,0
ARM_07T08,0
ARM_09,0
ARM_10T12,0
ARM_13T15,0
ARM_16,0
ARM_17T18,0
ARM_19,0
ARM_20T21,0
ARM_22,0
ARM_23,0
ARM_24,0
ARM_25,0
ARM_26,0
ARM_27,0
ARM_28,0
ARM_29,0
ARM_30,0
ARM_31T33,0
ARM_35T39,0
ARM_41T43,0
ARM_45T47,0
ARM_49T53,0
ARM_55T56,0
ARM_58T60,0
ARM_61,0
ARM_62T63,0
ARM_64T66,0
ARM_68,0
ARM_69T82,0
ARM_84,0
ARM_85,0
ARM_86T88,0
ARM_90T96,0
ARM_97T98,0
ATG_01T03,0
ATG_05T06,0
ATG_07T08,0
ATG_09,0
ATG_10T12,0
ATG_13T15,0
ATG_16,0
ATG_17T18,0
ATG_19,0
ATG_20T21,0
ATG_22,0
ATG_23,0
ATG_24,0
ATG_25,0
ATG_26,0
ATG_27,0
ATG_28,0
ATG_29,0
ATG_30,0
ATG_31T33,0
ATG_35T39,0
ATG_41T43,0
ATG_45T47,0
ATG_49T53,0
ATG_55T56,0
ATG_58T60,0
ATG_61,0
ATG_62T63,0
ATG_64T66,0
ATG_68,0
ATG_69T82,0
ATG_84,0
ATG_85,0
ATG_86T88,0
ATG_90T96,0
ATG_97T98,0
AZE_01T03,0
AZE_05T06,0
AZE_07T08,0
AZE_09,0
AZE_10T12,0
AZE_13T15,0
AZE_16,0
AZE_17T18,0
AZE_19,0
AZE_20T21,0
AZE_22,0
AZE_23,0
AZE_24,0
AZE_25,0
AZE_26,0
AZE_27,0
AZE_28,0
AZE_29,0
AZE_30,0
AZE_31T33,0
AZE_35T39,0
AZE_41T43,0
AZE_45T47,0
AZE_49T53,0
AZE_55T56,0
AZE_58T60,0
AZE_61,0
AZE_62T63,0
AZE_64T66,0
AZE_68,0
AZE_69T82,0
AZE_84,0
AZE_85,0
AZE_86T88,0
AZE_90T96,0
AZE_97T98,0
BDI_01T03,0
BDI_05T06,0
BDI_07T08,0
BDI_09,0
BDI_10T12,0
BDI_13T15,0
BDI_16,0
BDI_17T18,0
BDI_19,0
BDI_20T21,0
BDI_22,0
BDI_23,0
BDI_24,0
BDI_25,0
BDI_26,0
BDI_27,0
BDI_28,0
BDI_29,0
BDI_30,0
BDI_31T33,0
BDI_35T39,0
BDI_41T43,0
BDI_45T47,0
BDI_49T53,0
BDI_55T56,0
BDI_58T60,0
BDI_61,0
BDI_62T63,0
BDI_64T66,0
BDI_68,0
BDI_69T82,0
BDI_84,0
BDI_85,0
BDI_86T88,0
BDI_90T96,0
BDI_97T98,0
BEN_01T03,0
BEN_05T06,0
BEN_07T08,0
BEN_09,0
BEN_10T12,0
BEN_13T15,0
BEN_16,0
BEN_17T18,0
BEN_19,0
BEN_20T21,0
BEN_22,0
BEN_23,0
BEN_24,0
BEN_25,0
BEN_26,0
BEN_27,0
BEN_28,0
BEN_29,0
BEN_30,0
BEN_31T33,0
BEN_35T39,0
BEN_41T43,0
BEN_45T47,0
BEN_49T53,0
BEN_55T56,0
BEN_58T60,0
BEN_61,0
BEN_62T63,0
BEN_64T66,0
BEN_68,0
BEN_69T82,0
BEN_84,0
BEN_85,0
BEN_86T88,0
BEN_90T96,0
BEN_97T98,0
BFA_01T03,0
BFA_05T06,0
BFA_07T08,0
BFA_09,0
BFA_10T12,0
BFA_13T15,0
BFA_16,0
BFA_17T18,0
BFA_19,0
BFA_20T21,0
BFA_22,0
BFA_23,0
BFA_24,0
BFA_25,0
BFA_26,0
BFA_27,0
BFA_28,0
BFA_29,0
BFA_30,0
BFA_31T33,0
BFA_35T39,0
BFA_41T43,0
BFA_45T47,0
BFA_49T53,0
BFA_55T56,0
BFA_58T60,0
BFA_61,0
BFA_62T63,0
BFA_64T66,0
BFA_68,0
BFA_69T82,0
BFA_84,0
BFA_85,0
BFA_86T88,0
BFA_90T96,0
BFA_97T98,0
BHR_01T03,0
BHR_05T06,0
BHR_07T08,0
BHR_09,0
BHR_10T12,0
BHR_13T15,0
BHR_16,0
BHR_17T18,0
BHR_19,0
BHR_20T21,0
BHR_22,0
BHR_23,0
BHR_24,0
BHR_25,0
BHR_26,0
BHR_27,0
BHR_28,0
BHR_29,0
BHR_30,0
BHR_31T33,0
BHR_35T39,0
BHR_41T43,0
BHR_45T47,0
BHR_49T53,0
BHR_55T56,0
BHR_58T60,0
BHR_61,0
BHR_62T63,0
BHR_64T66,0
BHR_68,0
BHR_69T82,0
BHR_84,0
BHR_85,0
BHR_86T88,0
BHR_90T96,0
BHR_97T98,0
BHS_01T03,0
BHS_05T06,0
BHS_07T08,0
BHS_09,0
BHS_10T12,0
BHS_13T15,0
BHS_16,0
BHS_17T18,0
BHS_19,0
BHS_20T21,0
BHS_22,0
BHS_23,0
BHS_24,0
BHS_25,0
BHS_26,0
BHS_27,0
BHS_28,0
BHS_29,0
BHS_30,0
BHS_31T33,0
BHS_35T39,0
BHS_41T43,0
BHS_45T47,0
BHS_49T53,0
BHS_55T56,0
BHS_58T60,0
BHS_61,0
BHS_62T63,0
BHS_64T66,0
BHS_68,0
BHS_69T82,0
BHS_84,0
BHS_85,0
BHS_86T88,0
BHS_90T96,0
BHS_97T98,0
BIH_01T03,0
BIH_05T06,0
BIH_07T08,0
BIH_09,0
BIH_10T12,0
BIH_13T15,0
BIH_16,0
BIH_17T18,0
BIH_19,0
BIH_20T21,0
BIH_22,0
BIH_23,0
BIH_24,0
BIH_25,0
BIH_26,0
BIH_27,0
BIH_28,0
BIH_29,0
BIH_30,0
BIH_31T33,0
BIH_35T39,0
BIH_41T43,0
BIH_45T47,0
BIH_49T53,0
BIH_55T56,0
BIH_58T60,0
BIH_61,0
BIH_62T63,0
BIH_64T66,0
BIH_68,0
BIH_69T82,0
BIH_84,0
BIH_85,0
BIH_86T88,0
BIH_90T96,0
BIH_97T98,0
BLR_01T03,0
BLR_05T06,0
BLR_07T08,0
BLR_09,0
BLR_10T12,0
BLR_13T15,0
BLR_16,0
BLR_17T18,0
BLR_19,0
BLR_20T21,0
BLR_22,0
BLR_23,0
BLR_24,0
BLR_25,0
BLR_26,0
BLR_27,0
BLR_28,0
BLR_29,0
BLR_30,0
BLR_31T33,0
BLR_35T39,0
BLR_41T43,0
BLR_45T47,0
BLR_49T53,0
BLR_55T56,0
BLR_58T60,0
BLR_61,0
BLR_62T63,0
BLR_64T66,0
BLR_68,0
BLR_69T82,0
BLR_84,0
BLR_85,0
BLR_86T88,0
BLR_90T96,0
BLR_97T98,0
BLZ_01T03,0
BLZ_05T06,0
BLZ_07T08,0
BLZ_09,0
BLZ_10T12,0
BLZ_13T15,0
BLZ_16,0
BLZ_17T18,0
BLZ_19,0
BLZ_20T21,0
BLZ_22,0
BLZ_23,0
BLZ_24,0
BLZ_25,0
BLZ_26,0
BLZ_27,0
BLZ_28,0
BLZ_29,0
BLZ_30,0
BLZ_31T33,0
BLZ_35T39,0
BLZ_41T43,0
BLZ_45T47,0
BLZ_49T53,0
BLZ_55T56,0
BLZ_58T60,0
BLZ_61,0
BLZ_62T63,0
BLZ_64T66,0
BLZ_68,0
BLZ_69T82,0
BLZ_84,0
BLZ_85,0
BLZ_86T88,0
BLZ_90T96,0
BLZ_97T98,0
BMU_01T03,0
BMU_05T06,0
BMU_07T08,0
BMU_09,0
BMU_10T12,0
BMU_13T15,0
BMU_16,0
BMU_17T18,0
BMU_19,0
BMU_20T21,0
BMU_22,0
BMU_23,0
BMU_24,0
BMU_25,0
BMU_26,0
BMU_27,0
BMU_28,0
BMU_29,0
BMU_30,0
BMU_31T33,0
BMU_35T39,0
BMU_41T43,0
BMU_45T47,0
BMU_49T53,0
BMU_55T56,0
BMU_58T60,0
BMU_61,0
BMU_62T63,0
BMU_64T66,0
BMU_68,0
BMU_69T82,0
BMU_84,0
BMU_85,0
BMU_86T88,0
BMU_90T96,0
BMU_97T98,0
BRB_01T03,0
BRB_05T06,0
BRB_07T08,0
BRB_09,0
BRB_10T12,0
BRB_13T15,0
BRB_16,0
BRB_17T18,0
BRB_19,0
BRB_20T21,0
BRB_22,0
BRB_23,0
BRB_24,0
BRB_25,0
BRB_26,0
BRB_27,0
BRB_28,0
BRB_29,0
BRB_30,0
BRB_31T33,0
BRB_35T39,0
BRB_41T43,0
BRB_45T47,0
BRB_49T53,0
BRB_55T56,0
BRB_58T60,0
BRB_61,0
BRB_62T63,0
BRB_64T66,0
BRB_68,0
BRB_69T82,0
BRB_84,0
BRB_85,0
BRB_86T88,0
BRB_90T96,0
BRB_97T98,0
CAF_01T03,0
CAF_05T06,0
CAF_07T08,0
CAF_09,0
CAF_10T12,0
CAF_13T15,0
CAF_16,0
CAF_17T18,0
CAF_19,0
CAF_20T21,0
CAF_22,0
CAF_23,0
CAF_24,0
CAF_25,0
CAF_26,0
CAF_27,0
CAF_28,0
CAF_29,0
CAF_30,0
CAF_31T33,0
CAF_35T39,0
CAF_41T43,0
CAF_45T47,0
CAF_49T53,0
CAF_55T56,0
CAF_58T60,0
CAF_61,0
CAF_62T63,0
CAF_64T66,0
CAF_68,0
CAF_69T82,0
CAF_84,0
CAF_85,0
CAF_86T88,0
CAF_90T96,0
CAF_97T98,0
CMR_01T03,0
CMR_05T06,0
CMR_07T08,0
CMR_09,0
CMR_10T12,0
CMR_13T15,0
CMR_16,0
CMR_17T18,0
CMR_19,0
CMR_20T21,0
CMR_22,0
CMR_23,0
CMR_24,0
CMR_25,0
CMR_26,0
CMR_27,0
CMR_28,0
CMR_29,0
CMR_30,0
CMR_31T33,0
CMR_35T39,0
CMR_41T43,0
CMR_45T47,0
CMR_49T53,0
CMR_55T56,0
CMR_58T60,0
CMR_61,0
CMR_62T63,0
CMR_64T66,0
CMR_68,0
CMR_69T82,0
CMR_84,0
CMR_85,0
CMR_86T88,0
CMR_90T96,0
CMR_97T98,0
COG_01T03,0
COG_05T06,0
COG_07T08,0
COG_09,0
COG_10T12,0
COG_13T15,0
COG_16,0
COG_17T18,0
COG_19,0
COG_20T21,0
COG_22,0
COG_23,0
COG_24,0
COG_25,0
COG_26,0
COG_27,0
COG_28,0
COG_29,0
COG_30,0
COG_31T33,0
COG_35T39,0
COG_41T43,0
COG_45T47,0
COG_49T53,0
COG_55T56,0
COG_58T60,0
COG_61,0
COG_62T63,0
COG_64T66,0
COG_68,0
COG_69T82,0
COG_84,0
COG_85,0
COG_86T88,0
COG_90T96,0
COG_97T98,0
COM_01T03,0
COM_05T06,0
COM_07T08,0
COM_09,0
COM_10T12,0
COM_13T15,0
COM_16,0
COM_17T18,0
COM_19,0
COM_20T21,0
COM_22,0
COM_23,0
COM_24,0
COM_25,0
COM_26,0
COM_27,0
COM_28,0
COM_29,0
COM_30,0
COM_31T33,0
COM_35T39,0
COM_41T43,0
COM_45T47,0
COM_49T53,0
COM_55T56,0
COM_58T60,0
COM_61,0
COM_62T63,0
COM_64T66,0
COM_68,0
COM_69T82,0
COM_84,0
COM_85,0
COM_86T88,0
COM_90T96,0
COM_97T98,0
CPV_01T03,0
CPV_05T06,0
CPV_07T08,0
CPV_09,0
CPV_10T12,0
CPV_13T15,0
CPV_16,0
CPV_17T18,0
CPV_19,0
CPV_20T21,0
CPV_22,0
CPV_23,0
CPV_24,0
CPV_25,0
CPV_26,0
CPV_27,0
CPV_28,0
CPV_29,0
CPV_30,0
CPV_31T33,0
CPV_35T39,0
CPV_41T43,0
CPV_45T47,0
CPV_49T53,0
CPV_55T56,0
CPV_58T60,0
CPV_61,0
CPV_62T63,0
CPV_64T66,0
CPV_68,0
CPV_69T82,0
CPV_84,0
CPV_85,0
CPV_86T88,0
CPV_90T96,0
CPV_97T98,0
CUB_01T03,0
CUB_05T06,0
CUB_07T08,0
CUB_09,0
CUB_10T12,0
CUB_13T15,0
CUB_16,0
CUB_17T18,0
CUB_19,0
CUB_20T21,0
CUB_22,0
CUB_23,0
CUB_24,0
CUB_25,0
CUB_26,0
CUB_27,0
CUB_28,0
CUB_29,0
CUB_30,0
CUB_31T33,0
CUB_35T39,0
CUB_41T43,0
CUB_45T47,0
CUB_49T53,0
CUB_55T56,0
CUB_58T60,0
CUB_61,0
CUB_62T63,0
CUB_64T66,0
CUB_68,0
CUB_69T82,0
CUB_84,0
CUB_85,0
CUB_86T88,0
CUB_90T96,0
CUB_97T98,0
CUW_01T03,0
CUW_05T06,0
CUW_07T08,0
CUW_09,0
CUW_10T12,0
CUW_13T15,0
CUW_16,0
CUW_17T18,0
CUW_19,0
CUW_20T21,0
CUW_22,0
CUW_23,0
CUW_24,0
CUW_25,0
CUW_26,0
CUW_27,0
CUW_28,0
CUW_29,0
CUW_30,0
CUW_31T33,0
CUW_35T39,0
CUW_41T43,0
CUW_45T47,0
CUW_49T53,0
CUW_55T56,0
CUW_58T60,0
CUW_61,0
CUW_62T63,0
CUW_64T66,0
CUW_68,0
CUW_69T82,0
CUW_84,0
CUW_85,0
CUW_86T88,0
CUW_90T96,0
CUW_97T98,0
CYM_01T03,0
CYM_05T06,0
CYM_07T08,0
CYM_09,0
CYM_10T12,0
CYM_13T15,0
CYM_16,0
CYM_17T18,0
CYM_19,0
CYM_20T21,0
CYM_22,0
CYM_23,0
CYM_24,0
CYM_25,0
CYM_26,0
CYM_27,0
CYM_28,0
CYM_29,0
CYM_30,0
CYM_31T33,0
CYM_35T39,0
CYM_41T43,0
CYM_45T47,0
CYM_49T53,0
CYM_55T56,0
CYM_58T60,0
CYM_61,0
CYM_62T63,0
CYM_64T66,0
CYM_68,0
CYM_69T82,0
CYM_84,0
CYM_85,0
CYM_86T88,0
CYM_90T96,0
CYM_97T98,0
DMA_01T03,0
DMA_05T06,0
DMA_07T08,0
DMA_09,0
DMA_10T12,0
DMA_13T15,0
DMA_16,0
DMA_17T18,0
DMA_19,0
DMA_20T21,0
DMA_22,0
DMA_23,0
DMA_24,0
DMA_25,0
DMA_26,0
DMA_27,0
DMA_28,0
DMA_29,0
DMA_30,0
DMA_31T33,0
DMA_35T39,0
DMA_41T43,0
DMA_45T47,0
DMA_49T53,0
DMA_55T56,0
DMA_58T60,0
DMA_61,0
DMA_62T63,0
DMA_64T66,0
DMA_68,0
DMA_69T82,0
DMA_84,0
DMA_85,0
DMA_86T88,0
DMA_90T96,0
DMA_97T98,0
DZA_01T03,0
DZA_05T06,0
DZA_07T08,0
DZA_09,0
DZA_10T12,0
DZA_13T15,0
DZA_16,0
DZA_17T18,0
DZA_19,0
DZA_20T21,0
DZA_22,0
DZA_23,0
DZA_24,0
DZA_25,0
DZA_26,0
DZA_27,0
DZA_28,0
DZA_29,0
DZA_30,0
DZA_31T33,0
DZA_35T39,0
DZA_41T43,0
DZA_45T47,0
DZA_49T53,0
DZA_55T56,0
DZA_58T60,0
DZA_61,0
DZA_62T63,0
DZA_64T66,0
DZA_68,0
DZA_69T82,0
DZA_84,0
DZA_85,0
DZA_86T88,0
DZA_90T96,0
DZA_97T98,0
FJI_01T03,0
FJI_05T06,0
FJI_07T08,0
FJI_09,0
FJI_10T12,0
FJI_13T15,0
FJI_16,0
FJI_17T18,0
FJI_19,0
FJI_20T21,0
FJI_22,0
FJI_23,0
FJI_24,0
FJI_25,0
FJI_26,0
FJI_27,0
FJI_28,0
FJI_29,0
FJI_30,0
FJI_31T33,0
FJI_35T39,0
FJI_41T43,0
FJI_45T47,0
FJI_49T53,0
FJI_55T56,0
FJI_58T60,0
FJI_61,0
FJI_62T63,0
FJI_64T66,0
FJI_68,0
FJI_69T82,0
FJI_84,0
FJI_85,0
FJI_86T88,0
FJI_90T96,0
FJI_97T98,0
GAB_01T03,0
GAB_05T06,0
GAB_07T08,0
GAB_09,0
GAB_10T12,0
GAB_13T15,0
GAB_16,0
GAB_17T18,0
GAB_19,0
GAB_20T21,0
GAB_22,0
GAB_23,0
GAB_24,0
GAB_25,0
GAB_26,0
GAB_27,0
GAB_28,0
GAB_29,0
GAB_30,0
GAB_31T33,0
GAB_35T39,0
GAB_41T43,0
GAB_45T47,0
GAB_49T53,0
GAB_55T56,0
GAB_58T60,0
GAB_61,0
GAB_62T63,0
GAB_64T66,0
GAB_68,0
GAB_69T82,0
GAB_84,0
GAB_85,0
GAB_86T88,0
GAB_90T96,0
GAB_97T98,0
GEO_01T03,0
GEO_05T06,0
GEO_07T08,0
GEO_09,0
GEO_10T12,0
GEO_13T15,0
GEO_16,0
GEO_17T18,0
GEO_19,0
GEO_20T21,0
GEO_22,0
GEO_23,0
GEO_24,0
GEO_25,0
GEO_26,0
GEO_27,0
GEO_28,0
GEO_29,0
GEO_30,0
GEO_31T33,0
GEO_35T39,0
GEO_41T43,0
GEO_45T47,0
GEO_49T53,0
GEO_55T56,0
GEO_58T60,0
GEO_61,0
GEO_62T63,0
GEO_64T66,0
GEO_68,0
GEO_69T82,0
GEO_84,0
GEO_85,0
GEO_86T88,0
GEO_90T96,0
GEO_97T98,0
GIN_01T03,0
GIN_05T06,0
GIN_07T08,0
GIN_09,0
GIN_10T12,0
GIN_13T15,0
GIN_16,0
GIN_17T18,0
GIN_19,0
GIN_20T21,0
GIN_22,0
GIN_23,0
GIN_24,0
GIN_25,0
GIN_26,0
GIN_27,0
GIN_28,0
GIN_29,0
GIN_30,0
GIN_31T33,0
GIN_35T39,0
GIN_41T43,0
GIN_45T47,0
GIN_49T53,0
GIN_55T56,0
GIN_58T60,0
GIN_61,0
GIN_62T63,0
GIN_64T66,0
GIN_68,0
GIN_69T82,0
GIN_84,0
GIN_85,0
GIN_86T88,0
GIN_90T96,0
GIN_97T98,0
GMB_01T03,0
GMB_05T06,0
GMB_07T08,0
GMB_09,0
GMB_10T12,0
GMB_13T15,0
GMB_16,0
GMB_17T18,0
GMB_19,0
GMB_20T21,0
GMB_22,0
GMB_23,0
GMB_24,0
GMB_25,0
GMB_26,0
GMB_27,0
GMB_28,0
GMB_29,0
GMB_30,0
GMB_31T33,0
GMB_35T39,0
GMB_41T43,0
GMB_45T47,0
GMB_49T53,0
GMB_55T56,0
GMB_58T60,0
GMB_61,0
GMB_62T63,0
GMB_64T66,0
GMB_68,0
GMB_69T82,0
GMB_84,0
GMB_85,0
GMB_86T88,0
GMB_90T96,0
GMB_97T98,0
GRD_01T03,0
GRD_05T06,0
GRD_07T08,0
GRD_09,0
GRD_10T12,0
GRD_13T15,0
GRD_16,0
GRD_17T18,0
GRD_19,0
GRD_20T21,0
GRD_22,0
GRD_23,0
GRD_24,0
GRD_25,0
GRD_26,0
GRD_27,0
GRD_28,0
GRD_29,0
GRD_30,0
GRD_31T33,0
GRD_35T39,0
GRD_41T43,0
GRD_45T47,0
GRD_49T53,0
GRD_55T56,0
GRD_58T60,0
GRD_61,0
GRD_62T63,0
GRD_64T66,0
GRD_68,0
GRD_69T82,0
GRD_84,0
GRD_85,0
GRD_86T88,0
GRD_90T96,0
GRD_97T98,0
GUY_01T03,0
GUY_05T06,0
GUY_07T08,0
GUY_09,0
GUY_10T12,0
GUY_13T15,0
GUY_16,0
GUY_17T18,0
GUY_19,0
GUY_20T21,0
GUY_22,0
GUY_23,0
GUY_24,0
GUY_25,0
GUY_26,0
GUY_27,0
GUY_28,0
GUY_29,0
GUY_30,0
GUY_31T33,0
GUY_35T39,0
GUY_41T43,0
GUY_45T47,0
GUY_49T53,0
GUY_55T56,0
GUY_58T60,0
GUY_61,0
GUY_62T63,0
GUY_64T66,0
GUY_68,0
GUY_69T82,0
GUY_84,0
GUY_85,0
GUY_86T88,0
GUY_90T96,0
GUY_97T98,0
HTI_01T03,0
HTI_05T06,0
HTI_07T08,0
HTI_09,0
HTI_10T12,0
HTI_13T15,0
HTI_16,0
HTI_17T18,0
HTI_19,0
HTI_20T21,0
HTI_22,0
HTI_23,0
HTI_24,0
HTI_25,0
HTI_26,0
HTI_27,0
HTI_28,0
HTI_29,0
HTI_30,0
HTI_31T33,0
HTI_35T39,0
HTI_41T43,0
HTI_45T47,0
HTI_49T53,0
HTI_55T56,0
HTI_58T60,0
HTI_61,0
HTI_62T63,0
HTI_64T66,0
HTI_68,0
HTI_69T82,0
HTI_84,0
HTI_85,0
HTI_86T88,0
HTI_90T96,0
HTI_97T98,0
IRQ_01T03,0
IRQ_05T06,0
IRQ_07T08,0
IRQ_09,0
IRQ_10T12,0
IRQ_13T15,0
IRQ_16,0
IRQ_17T18,0
IRQ_19,0
IRQ_20T21,0
IRQ_22,0
IRQ_23,0
IRQ_24,0
IRQ_25,0
IRQ_26,0
IRQ_27,0
IRQ_28,0
IRQ_29,0
IRQ_30,0
IRQ_31T33,0
IRQ_35T39,0
IRQ_41T43,0
IRQ_45T47,0
IRQ_49T53,0
IRQ_55T56,0
IRQ_58T60,0
IRQ_61,0
IRQ_62T63,0
IRQ_64T66,0
IRQ_68,0
IRQ_69T82,0
IRQ_84,0
IRQ_85,0
IRQ_86T88,0
IRQ_90T96,0
IRQ_97T98,0
JOR_01T03,0
JOR_05T06,0
JOR_07T08,0
JOR_09,0
JOR_10T12,0
JOR_13T15,0
JOR_16,0
JOR_17T18,0
JOR_19,0
JOR_20T21,0
JOR_22,0
JOR_23,0
JOR_24,0
JOR_25,0
JOR_26,0
JOR_27,0
JOR_28,0
JOR_29,0
JOR_30,0
JOR_31T33,0
JOR_35T39,0
JOR_41T43,0
JOR_45T47,0
JOR_49T53,0
JOR_55T56,0
JOR_58T60,0
JOR_61,0
JOR_62T63,0
JOR_64T66,0
JOR_68,0
JOR_69T82,0
JOR_84,0
JOR_85,0
JOR_86T88,0
JOR_90T96,0
JOR_97T98,0
KGZ_01T03,0
KGZ_05T06,0
KGZ_07T08,0
KGZ_09,0
KGZ_10T12,0
KGZ_13T15,0
KGZ_16,0
KGZ_17T18,0
KGZ_19,0
KGZ_20T21,0
KGZ_22,0
KGZ_23,0
KGZ_24,0
KGZ_25,0
KGZ_26,0
KGZ_27,0
KGZ_28,0
KGZ_29,0
KGZ_30,0
KGZ_31T33,0
KGZ_35T39,0
KGZ_41T43,0
KGZ_45T47,0
KGZ_49T53,0
KGZ_55T56,0
KGZ_58T60,0
KGZ_61,0
KGZ_62T63,0
KGZ_64T66,0
KGZ_68,0
KGZ_69T82,0
KGZ_84,0
KGZ_85,0
KGZ_86T88,0
KGZ_90T96,0
KGZ_97T98,0
KIR_01T03,0
KIR_05T06,0
KIR_07T08,0
KIR_09,0
KIR_10T12,0
KIR_13T15,0
KIR_16,0
KIR_17T18,0
KIR_19,0
KIR_20T21,0
KIR_22,0
KIR_23,0
KIR_24,0
KIR_25,0
KIR_26,0
KIR_27,0
KIR_28,0
KIR_29,0
KIR_30,0
KIR_31T33,0
KIR_35T39,0
KIR_41T43,0
KIR_45T47,0
KIR_49T53,0
KIR_55T56,0
KIR_58T60,0
KIR_61,0
KIR_62T63,0
KIR_64T66,0
KIR_68,0
KIR_69T82,0
KIR_84,0
KIR_85,0
KIR_86T88,0
KIR_90T96,0
KIR_97T98,0
KNA_01T03,0
KNA_05T06,0
KNA_07T08,0
KNA_09,0
KNA_10T12,0
KNA_13T15,0
KNA_16,0
KNA_17T18,0
KNA_19,0
KNA_20T21,0
KNA_22,0
KNA_23,0
KNA_24,0
KNA_25,0
KNA_26,0
KNA_27,0
KNA_28,0
KNA_29,0
KNA_30,0
KNA_31T33,0
KNA_35T39,0
KNA_41T43,0
KNA_45T47,0
KNA_49T53,0
KNA_55T56,0
KNA_58T60,0
KNA_61,0
KNA_62T63,0
KNA_64T66,0
KNA_68,0
KNA_69T82,0
KNA_84,0
KNA_85,0
KNA_86T88,0
KNA_90T96,0
KNA_97T98,0
LAO_01T03,0
LAO_05T06,0
LAO_07T08,0
LAO_09,0
LAO_10T12,0
LAO_13T15,0
LAO_16,0
LAO_17T18,0
LAO_19,0
LAO_20T21,0
LAO_22,0
LAO_23,0
LAO_24,0
LAO_25,0
LAO_26,0
LAO_27,0
LAO_28,0
LAO_29,0
LAO_30,0
LAO_31T33,0
LAO_35T39,0
LAO_41T43,0
LAO_45T47,0
LAO_49T53,0
LAO_55T56,0
LAO_58T60,0
LAO_61,0
LAO_62T63,0
LAO_64T66,0
LAO_68,0
LAO_69T82,0
LAO_84,0
LAO_85,0
LAO_86T88,0
LAO_90T96,0
LAO_97T98,0
LBN_01T03,0
LBN_05T06,0
LBN_07T08,0
LBN_09,0
LBN_10T12,0
LBN_13T15,0
LBN_16,0
LBN_17T18,0
LBN_19,0
LBN_20T21,0
LBN_22,0
LBN_23,0
LBN_24,0
LBN_25,0
LBN_26,0
LBN_27,0
LBN_28,0
LBN_29,0
LBN_30,0
LBN_31T33,0
LBN_35T39,0
LBN_41T43,0
LBN_45T47,0
LBN_49T53,0
LBN_55T56,0
LBN_58T60,0
LBN_61,0
LBN_62T63,0
LBN_64T66,0
LBN_68,0
LBN_69T82,0
LBN_84,0
LBN_85,0
LBN_86T88,0
LBN_90T96,0
LBN_97T98,0
LBY_01T03,0
LBY_05T06,0
LBY_07T08,0
LBY_09,0
LBY_10T12,0
LBY_13T15,0
LBY_16,0
LBY_17T18,0
LBY_19,0
LBY_20T21,0
LBY_22,0
LBY_23,0
LBY_24,0
LBY_25,0
LBY_26,0
LBY_27,0
LBY_28,0
LBY_29,0
LBY_30,0
LBY_31T33,0
LBY_35T39,0
LBY_41T43,0
LBY_45T47,0
LBY_49T53,0
LBY_55T56,0
LBY_58T60,0
LBY_61,0
LBY_62T63,0
LBY_64T66,0
LBY_68,0
LBY_69T82,0
LBY_84,0
LBY_85,0
LBY_86T88,0
LBY_90T96,0
LBY_97T98,0
LCA_01T03,0
LCA_05T06,0
LCA_07T08,0
LCA_09,0
LCA_10T12,0
LCA_13T15,0
LCA_16,0
LCA_17T18,0
LCA_19,0
LCA_20T21,0
LCA_22,0
LCA_23,0
LCA_24,0
LCA_25,0
LCA_26,0
LCA_27,0
LCA_28,0
LCA_29,0
LCA_30,0
LCA_31T33,0
LCA_35T39,0
LCA_41T43,0
LCA_45T47,0
LCA_49T53,0
LCA_55T56,0
LCA_58T60,0
LCA_61,0
LCA_62T63,0
LCA_64T66,0
LCA_68,0
LCA_69T82,0
LCA_84,0
LCA_85,0
LCA_86T88,0
LCA_90T96,0
LCA_97T98,0
MAC_01T03,0
MAC_05T06,0
MAC_07T08,0
MAC_09,0
MAC_10T12,0
MAC_13T15,0
MAC_16,0
MAC_17T18,0
MAC_19,0
MAC_20T21,0
MAC_22,0
MAC_23,0
MAC_24,0
MAC_25,0
MAC_26,0
MAC_27,0
MAC_28,0
MAC_29,0
MAC_30,0
MAC_31T33,0
MAC_35T39,0
MAC_41T43,0
MAC_45T47,0
MAC_49T53,0
MAC_55T56,0
MAC_58T60,0
MAC_61,0
MAC_62T63,0
MAC_64T66,0
MAC_68,0
MAC_69T82,0
MAC_84,0
MAC_85,0
MAC_86T88,0
MAC_90T96,0
MAC_97T98,0
MDA_01T03,0
MDA_05T06,0
MDA_07T08,0
MDA_09,0
MDA_10T12,0
MDA_13T15,0
MDA_16,0
MDA_17T18,0
MDA_19,0
MDA_20T21,0
MDA_22,0
MDA_23,0
MDA_24,0
MDA_25,0
MDA_26,0
MDA_27,0
MDA_28,0
MDA_29,0
MDA_30,0
MDA_31T33,0
MDA_35T39,0
MDA_41T43,0
MDA_45T47,0
MDA_49T53,0
MDA_55T56,0
MDA_58T60,0
MDA_61,0
MDA_62T63,0
MDA_64T66,0
MDA_68,0
MDA_69T82,0
MDA_84,0
MDA_85,0
MDA_86T88,0
MDA_90T96,0
MDA_97T98,0
MDG_01T03,0
MDG_05T06,0
MDG_07T08,0
MDG_09,0
MDG_10T12,0
MDG_13T15,0
MDG_16,0
MDG_17T18,0
MDG_19,0
MDG_20T21,0
MDG_22,0
MDG_23,0
MDG_24,0
MDG_25,0
MDG_26,0
MDG_27,0
MDG_28,0
MDG_29,0
MDG_30,0
MDG_31T33,0
MDG_35T39,0
MDG_41T43,0
MDG_45T47,0
MDG_49T53,0
MDG_55T56,0
MDG_58T60,0
MDG_61,0
MDG_62T63,0
MDG_64T66,0
MDG_68,0
MDG_69T82,0
MDG_84,0
MDG_85,0
MDG_86T88,0
MDG_90T96,0
MDG_97T98,0
MDV_01T03,0
MDV_05T06,0
MDV_07T08,0
MDV_09,0
MDV_10T12,0
MDV_13T15,0
MDV_16,0
MDV_17T18,0
MDV_19,0
MDV_20T21,0
MDV_22,0
MDV_23,0
MDV_24,0
MDV_25,0
MDV_26,0
MDV_27,0
MDV_28,0
MDV_29,0
MDV_30,0
MDV_31T33,0
MDV_35T39,0
MDV_41T43,0
MDV_45T47,0
MDV_49T53,0
MDV_55T56,0
MDV_58T60,0
MDV_61,0
MDV_62T63,0
MDV_64T66,0
MDV_68,0
MDV_69T82,0
MDV_84,0
MDV_85,0
MDV_86T88,0
MDV_90T96,0
MDV_97T98,0
MKD_01T03,0
MKD_05T06,0
MKD_07T08,0
MKD_09,0
MKD_10T12,0
MKD_13T15,0
MKD_16,0
MKD_17T18,0
MKD_19,0
MKD_20T21,0
MKD_22,0
MKD_23,0
MKD_24,0
MKD_25,0
MKD_26,0
MKD_27,0
MKD_28,0
MKD_29,0
MKD_30,0
MKD_31T33,0
MKD_35T39,0
MKD_41T43,0
MKD_45T47,0
MKD_49T53,0
MKD_55T56,0
MKD_58T60,0
MKD_61,0
MKD_62T63,0
MKD_64T66,0
MKD_68,0
MKD_69T82,0
MKD_84,0
MKD_85,0
MKD_86T88,0
MKD_90T96,0
MKD_97T98,0
MLI_01T03,0
MLI_05T06,0
MLI_07T08,0
MLI_09,0
MLI_10T12,0
MLI_13T15,0
MLI_16,0
MLI_17T18,0
MLI_19,0
MLI_20T21,0
MLI_22,0
MLI_23,0
MLI_24,0
MLI_25,0
MLI_26,0
MLI_27,0
MLI_28,0
MLI_29,0
MLI_30,0
MLI_31T33,0
MLI_35T39,0
MLI_41T43,0
MLI_45T47,0
MLI_49T53,0
MLI_55T56,0
MLI_58T60,0
MLI_61,0
MLI_62T63,0
MLI_64T66,0
MLI_68,0
MLI_69T82,0
MLI_84,0
MLI_85,0
MLI_86T88,0
MLI_90T96,0
MLI_97T98,0
MNE_01T03,0
MNE_05T06,0
MNE_07T08,0
MNE_09,0
MNE_10T12,0
MNE_13T15,0
MNE_16,0
MNE_17T18,0
MNE_19,0
MNE_20T21,0
MNE_22,0
MNE_23,0
MNE_24,0
MNE_25,0
MNE_26,0
MNE_27,0
MNE_28,0
MNE_29,0
MNE_30,0
MNE_31T33,0
MNE_35T39,0
MNE_41T43,0
MNE_45T47,0
MNE_49T53,0
MNE_55T56,0
MNE_58T60,0
MNE_61,0
MNE_62T63,0
MNE_64T66,0
MNE_68,0
MNE_69T82,0
MNE_84,0
MNE_85,0
MNE_86T88,0
MNE_90T96,0
MNE_97T98,0
MNG_01T03,0
MNG_05T06,0
MNG_07T08,0
MNG_09,0
MNG_10T12,0
MNG_13T15,0
MNG_16,0
MNG_17T18,0
MNG_19,0
MNG_20T21,0
MNG_22,0
MNG_23,0
MNG_24,0
MNG_25,0
MNG_26,0
MNG_27,0
MNG_28,0
MNG_29,0
MNG_30,0
MNG_31T33,0
MNG_35T39,0
MNG_41T43,0
MNG_45T47,0
MNG_49T53,0
MNG_55T56,0
MNG_58T60,0
MNG_61,0
MNG_62T63,0
MNG_64T66,0
MNG_68,0
MNG_69T82,0
MNG_84,0
MNG_85,0
MNG_86T88,0
MNG_90T96,0
MNG_97T98,0
MUS_01T03,0
MUS_05T06,0
MUS_07T08,0
MUS_09,0
MUS_10T12,0
MUS_13T15,0
MUS_16,0
MUS_17T18,0
MUS_19,0
MUS_20T21,0
MUS_22,0
MUS_23,0
MUS_24,0
MUS_25,0
MUS_26,0
MUS_27,0
MUS_28,0
MUS_29,0
MUS_30,0
MUS_31T33,0
MUS_35T39,0
MUS_41T43,0
MUS_45T47,0
MUS_49T53,0
MUS_55T56,0
MUS_58T60,0
MUS_61,0
MUS_62T63,0
MUS_64T66,0
MUS_68,0
MUS_69T82,0
MUS_84,0
MUS_85,0
MUS_86T88,0
MUS_90T96,0
MUS_97T98,0
MWI_01T03,0
MWI_05T06,0
MWI_07T08,0
MWI_09,0
MWI_10T12,0
MWI_13T15,0
MWI_16,0
MWI_17T18,0
MWI_19,0
MWI_20T21,0
MWI_22,0
MWI_23,0
MWI_24,0
MWI_25,0
MWI_26,0
MWI_27,0
MWI_28,0
MWI_29,0
MWI_30,0
MWI_31T33,0
MWI_35T39,0
MWI_41T43,0
MWI_45T47,0
MWI_49T53,0
MWI_55T56,0
MWI_58T60,0
MWI_61,0
MWI_62T63,0
MWI_64T66,0
MWI_68,0
MWI_69T82,0
MWI_84,0
MWI_85,0
MWI_86T88,0
MWI_90T96,0
MWI_97T98,0
NER_01T03,0
NER_05T06,0
NER_07T08,0
NER_09,0
NER_10T12,0
NER_13T15,0
NER_16,0
NER_17T18,0
NER_19,0
NER_20T21,0
NER_22,0
NER_23,0
NER_24,0
NER_25,0
NER_26,0
NER_27,0
NER_28,0
NER_29,0
NER_30,0
NER_31T33,0
NER_35T39,0
NER_41T43,0
NER_45T47,0
NER_49T53,0
NER_55T56,0
NER_58T60,0
NER_61,0
NER_62T63,0
NER_64T66,0
NER_68,0
NER_69T82,0
NER_84,0
NER_85,0
NER_86T88,0
NER_90T96,0
NER_97T98,0
NIC_01T03,0
NIC_05T06,0
NIC_07T08,0
NIC_09,0
NIC_10T12,0
NIC_13T15,0
NIC_16,0
NIC_17T18,0
NIC_19,0
NIC_20T21,0
NIC_22,0
NIC_23,0
NIC_24,0
NIC_25,0
NIC_26,0
NIC_27,0
NIC_28,0
NIC_29,0
NIC_30,0
NIC_31T33,0
NIC_35T39,0
NIC_41T43,0
NIC_45T47,0
NIC_49T53,0
NIC_55T56,0
NIC_58T60,0
NIC_61,0
NIC_62T63,0
NIC_64T66,0
NIC_68,0
NIC_69T82,0
NIC_84,0
NIC_85,0
NIC_86T88,0
NIC_90T96,0
NIC_97T98,0
NPL_01T03,0
NPL_05T06,0
NPL_07T08,0
NPL_09,0
NPL_10T12,0
NPL_13T15,0
NPL_16,0
NPL_17T18,0
NPL_19,0
NPL_20T21,0
NPL_22,0
NPL_23,0
NPL_24,0
NPL_25,0
NPL_26,0
NPL_27,0
NPL_28,0
NPL_29,0
NPL_30,0
NPL_31T33,0
NPL_35T39,0
NPL_41T43,0
NPL_45T47,0
NPL_49T53,0
NPL_55T56,0
NPL_58T60,0
NPL_61,0
NPL_62T63,0
NPL_64T66,0
NPL_68,0
NPL_69T82,0
NPL_84,0
NPL_85,0
NPL_86T88,0
NPL_90T96,0
NPL_97T98,0
PNG_01T03,0
PNG_05T06,0
PNG_07T08,0
PNG_09,0
PNG_10T12,0
PNG_13T15,0
PNG_16,0
PNG_17T18,0
PNG_19,0
PNG_20T21,0
PNG_22,0
PNG_23,0
PNG_24,0
PNG_25,0
PNG_26,0
PNG_27,0
PNG_28,0
PNG_29,0
PNG_30,0
PNG_31T33,0
PNG_35T39,0
PNG_41T43,0
PNG_45T47,0
PNG_49T53,0
PNG_55T56,0
PNG_58T60,0
PNG_61,0
PNG_62T63,0
PNG_64T66,0
PNG_68,0
PNG_69T82,0
PNG_84,0
PNG_85,0
PNG_86T88,0
PNG_90T96,0
PNG_97T98,0
SDN_01T03,0
SDN_05T06,0
SDN_07T08,0
SDN_09,0
SDN_10T12,0
SDN_13T15,0
SDN_16,0
SDN_17T18,0
SDN_19,0
SDN_20T21,0
SDN_22,0
SDN_23,0
SDN_24,0
SDN_25,0
SDN_26,0
SDN_27,0
SDN_28,0
SDN_29,0
SDN_30,0
SDN_31T33,0
SDN_35T39,0
SDN_41T43,0
SDN_45T47,0
SDN_49T53,0
SDN_55T56,0
SDN_58T60,0
SDN_61,0
SDN_62T63,0
SDN_64T66,0
SDN_68,0
SDN_69T82,0
SDN_84,0
SDN_85,0
SDN_86T88,0
SDN_90T96,0
SDN_97T98,0
SEN_01T03,0
SEN_05T06,0
SEN_07T08,0
SEN_09,0
SEN_10T12,0
SEN_13T15,0
SEN_16,0
SEN_17T18,0
SEN_19,0
SEN_20T21,0
SEN_22,0
SEN_23,0
SEN_24,0
SEN_25,0
SEN_26,0
SEN_27,0
SEN_28,0
SEN_29,0
SEN_30,0
SEN_31T33,0
SEN_35T39,0
SEN_41T43,0
SEN_45T47,0
SEN_49T53,0
SEN_55T56,0
SEN_58T60,0
SEN_61,0
SEN_62T63,0
SEN_64T66,0
SEN_68,0
SEN_69T82,0
SEN_84,0
SEN_85,0
SEN_86T88,0
SEN_90T96,0
SEN_97T98,0
SLB_01T03,0
SLB_05T06,0
SLB_07T08,0
SLB_09,0
SLB_10T12,0
SLB_13T15,0
SLB_16,0
SLB_17T18,0
SLB_19,0
SLB_20T21,0
SLB_22,0
SLB_23,0
SLB_24,0
SLB_25,0
SLB_26,0
SLB_27,0
SLB_28,0
SLB_29,0
SLB_30,0
SLB_31T33,0
SLB_35T39,0
SLB_41T43,0
SLB_45T47,0
SLB_49T53,0
SLB_55T56,0
SLB_58T60,0
SLB_61,0
SLB_62T63,0
SLB_64T66,0
SLB_68,0
SLB_69T82,0
SLB_84,0
SLB_85,0
SLB_86T88,0
SLB_90T96,0
SLB_97T98,0
SLE_01T03,0
SLE_05T06,0
SLE_07T08,0
SLE_09,0
SLE_10T12,0
SLE_13T15,0
SLE_16,0
SLE_17T18,0
SLE_19,0
SLE_20T21,0
SLE_22,0
SLE_23,0
SLE_24,0
SLE_25,0
SLE_26,0
SLE_27,0
SLE_28,0
SLE_29,0
SLE_30,0
SLE_31T33,0
SLE_35T39,0
SLE_41T43,0
SLE_45T47,0
SLE_49T53,0
SLE_55T56,0
SLE_58T60,0
SLE_61,0
SLE_62T63,0
SLE_64T66,0
SLE_68,0
SLE_69T82,0
SLE_84,0
SLE_85,0
SLE_86T88,0
SLE_90T96,0
SLE_97T98,0
SRB_01T03,0
SRB_05T06,0
SRB_07T08,0
SRB_09,0
SRB_10T12,0
SRB_13T15,0
SRB_16,0
SRB_17T18,0
SRB_19,0
SRB_20T21,0
SRB_22,0
SRB_23,0
SRB_24,0
SRB_25,0
SRB_26,0
SRB_27,0
SRB_28,0
SRB_29,0
SRB_30,0
SRB_31T33,0
SRB_35T39,0
SRB_41T43,0
SRB_45T47,0
SRB_49T53,0
SRB_55T56,0
SRB_58T60,0
SRB_61,0
SRB_62T63,0
SRB_64T66,0
SRB_68,0
SRB_69T82,0
SRB_84,0
SRB_85,0
SRB_86T88,0
SRB_90T96,0
SRB_97T98,0
STP_01T03,0
STP_05T06,0
STP_07T08,0
STP_09,0
STP_10T12,0
STP_13T15,0
STP_16,0
STP_17T18,0
STP_19,0
STP_20T21,0
STP_22,0
STP_23,0
STP_24,0
STP_25,0
STP_26,0
STP_27,0
STP_28,0
STP_29,0
STP_30,0
STP_31T33,0
STP_35T39,0
STP_41T43,0
STP_45T47,0
STP_49T53,0
STP_55T56,0
STP_58T60,0
STP_61,0
STP_62T63,0
STP_64T66,0
STP_68,0
STP_69T82,0
STP_84,0
STP_85,0
STP_86T88,0
STP_90T96,0
STP_97T98,0
SUR_01T03,0
SUR_05T06,0
SUR_07T08,0
SUR_09,0
SUR_10T12,0
SUR_13T15,0
SUR_16,0
SUR_17T18,0
SUR_19,0
SUR_20T21,0
SUR_22,0
SUR_23,0
SUR_24,0
SUR_25,0
SUR_26,0
SUR_27,0
SUR_28,0
SUR_29,0
SUR_30,0
SUR_31T33,0
SUR_35T39,0
SUR_41T43,0
SUR_45T47,0
SUR_49T53,0
SUR_55T56,0
SUR_58T60,0
SUR_61,0
SUR_62T63,0
SUR_64T66,0
SUR_68,0
SUR_69T82,0
SUR_84,0
SUR_85,0
SUR_86T88,0
SUR_90T96,0
SUR_97T98,0
SYC_01T03,0
SYC_05T06,0
SYC_07T08,0
SYC_09,0
SYC_10T12,0
SYC_13T15,0
SYC_16,0
SYC_17T18,0
SYC_19,0
SYC_20T21,0
SYC_22,0
SYC_23,0
SYC_24,0
SYC_25,0
SYC_26,0
SYC_27,0
SYC_28,0
SYC_29,0
SYC_30,0
SYC_31T33,0
SYC_35T39,0
SYC_41T43,0
SYC_45T47,0
SYC_49T53,0
SYC_55T56,0
SYC_58T60,0
SYC_61,0
SYC_62T63,0
SYC_64T66,0
SYC_68,0
SYC_69T82,0
SYC_84,0
SYC_85,0
SYC_86T88,0
SYC_90T96,0
SYC_97T98,0
SYR_01T03,0
SYR_05T06,0
SYR_07T08,0
SYR_09,0
SYR_10T12,0
SYR_13T15,0
SYR_16,0
SYR_17T18,0
SYR_19,0
SYR_20T21,0
SYR_22,0
SYR_23,0
SYR_24,0
SYR_25,0
SYR_26,0
SYR_27,0
SYR_28,0
SYR_29,0
SYR_30,0
SYR_31T33,0
SYR_35T39,0
SYR_41T43,0
SYR_45T47,0
SYR_49T53,0
SYR_55T56,0
SYR_58T60,0
SYR_61,0
SYR_62T63,0
SYR_64T66,0
SYR_68,0
SYR_69T82,0
SYR_84,0
SYR_85,0
SYR_86T88,0
SYR_90T96,0
SYR_97T98,0
TCD_01T03,0
TCD_05T06,0
TCD_07T08,0
TCD_09,0
TCD_10T12,0
TCD_13T15,0
TCD_16,0
TCD_17T18,0
TCD_19,0
TCD_20T21,0
TCD_22,0
TCD_23,0
TCD_24,0
TCD_25,0
TCD_26,0
TCD_27,0
TCD_28,0
TCD_29,0
TCD_30,0
TCD_31T33,0
TCD_35T39,0
TCD_41T43,0
TCD_45T47,0
TCD_49T53,0
TCD_55T56,0
TCD_58T60,0
TCD_61,0
TCD_62T63,0
TCD_64T66,0
TCD_68,0
TCD_69T82,0
TCD_84,0
TCD_85,0
TCD_86T88,0
TCD_90T96,0
TCD_97T98,0
TGO_01T03,0
TGO_05T06,0
TGO_07T08,0
TGO_09,0
TGO_10T12,0
TGO_13T15,0
TGO_16,0
TGO_17T18,0
TGO_19,0
TGO_20T21,0
TGO_22,0
TGO_23,0
TGO_24,0
TGO_25,0
TGO_26,0
TGO_27,0
TGO_28,0
TGO_29,0
TGO_30,0
TGO_31T33,0
TGO_35T39,0
TGO_41T43,0
TGO_45T47,0
TGO_49T53,0
TGO_55T56,0
TGO_58T60,0
TGO_61,0
TGO_62T63,0
TGO_64T66,0
TGO_68,0
TGO_69T82,0
TGO_84,0
TGO_85,0
TGO_86T88,0
TGO_90T96,0
TGO_97T98,0
TON_01T03,0
TON_05T06,0
TON_07T08,0
TON_09,0
TON_10T12,0
TON_13T15,0
TON_16,0
TON_17T18,0
TON_19,0
TON_20T21,0
TON_22,0
TON_23,0
TON_24,0
TON_25,0
TON_26,0
TON_27,0
TON_28,0
TON_29,0
TON_30,0
TON_31T33,0
TON_35T39,0
TON_41T43,0
TON_45T47,0
TON_49T53,0
TON_55T56,0
TON_58T60,0
TON_61,0
TON_62T63,0
TON_64T66,0
TON_68,0
TON_69T82,0
TON_84,0
TON_85,0
TON_86T88,0
TON_90T96,0
TON_97T98,0
URY_01T03,0
URY_05T06,0
URY_07T08,0
URY_09,0
URY_10T12,0
URY_13T15,0
URY_16,0
URY_17T18,0
URY_19,0
URY_20T21,0
URY_22,0
URY_23,0
URY_24,0
URY_25,0
URY_26,0
URY_27,0
URY_28,0
URY_29,0
URY_30,0
URY_31T33,0
URY_35T39,0
URY_41T43,0
URY_45T47,0
URY_49T53,0
URY_55T56,0
URY_58T60,0
URY_61,0
URY_62T63,0
URY_64T66,0
URY_68,0
URY_69T82,0
URY_84,0
URY_85,0
URY_86T88,0
URY_90T96,0
URY_97T98,0
UZB_01T03,0
UZB_05T06,0
UZB_07T08,0
UZB_09,0
UZB_10T12,0
UZB_13T15,0
UZB_16,0
UZB_17T18,0
UZB_19,0
UZB_20T21,0
UZB_22,0
UZB_23,0
UZB_24,0
UZB_25,0
UZB_26,0
UZB_27,0
UZB_28,0
UZB_29,0
UZB_30,0
UZB_31T33,0
UZB_35T39,0
UZB_41T43,0
UZB_45T47,0
UZB_49T53,0
UZB_55T56,0
UZB_58T60,0
UZB_61,0
UZB_62T63,0
UZB_64T66,0
UZB_68,0
UZB_69T82,0
UZB_84,0
UZB_85,0
UZB_86T88,0
UZB_90T96,0
UZB_97T98,0
VCT_01T03,0
VCT_05T06,0
VCT_07T08,0
VCT_09,0
VCT_10T12,0
VCT_13T15,0
VCT_16,0
VCT_17T18,0
VCT_19,0
VCT_20T21,0
VCT_22,0
VCT_23,0
VCT_24,0
VCT_25,0
VCT_26,0
VCT_27,0
VCT_28,0
VCT_29,0
VCT_30,0
VCT_31T33,0
VCT_35T39,0
VCT_41T43,0
VCT_45T47,0
VCT_49T53,0
VCT_55T56,0
VCT_58T60,0
VCT_61,0
VCT_62T63,0
VCT_64T66,0
VCT_68,0
VCT_69T82,0
VCT_84,0
VCT_85,0
VCT_86T88,0
VCT_90T96,0
VCT_97T98,0
VEN_01T03,0
VEN_05T06,0
VEN_07T08,0
VEN_09,0
VEN_10T12,0
VEN_13T15,0
VEN_16,0
VEN_17T18,0
VEN_19,0
VEN_20T21,0
VEN_22,0
VEN_23,0
VEN_24,0
VEN_25,0
VEN_26,0
VEN_27,0
VEN_28,0
VEN_29,0
VEN_30,0
VEN_31T33,0
VEN_35T39,0
VEN_41T43,0
VEN_45T47,0
VEN_49T53,0
VEN_55T56,0
VEN_58T60,0
VEN_61,0
VEN_62T63,0
VEN_64T66,0
VEN_68,0
VEN_69T82,0
VEN_84,0
VEN_85,0
VEN_86T88,0
VEN_90T96,0
VEN_97T98,0
VUT_01T03,0
VUT_05T06,0
VUT_07T08,0
VUT_09,0
VUT_10T12,0
VUT_13T15,0
VUT_16,0
VUT_17T18,0
VUT_19,0
VUT_20T21,0
VUT_22,0
VUT_23,0
VUT_24,0
VUT_25,0
VUT_26,0
VUT_27,0
VUT_28,0
VUT_29,0
VUT_30,0
VUT_31T33,0
VUT_35T39,0
VUT_41T43,0
VUT_45T47,0
VUT_49T53,0
VUT_55T56,0
VUT_58T60,0
VUT_61,0
VUT_62T63,0
VUT_64T66,0
VUT_68,0
VUT_69T82,0
VUT_84,0
VUT_85,0
VUT_86T88,0
VUT_90T96,0
VUT_97T98,0
YEM_01T03,0
YEM_05T06,0
YEM_07T08,0
YEM_09,0
YEM_10T12,0
YEM_13T15,0
YEM_16,0
YEM_17T18,0
YEM_19,0
YEM_20T21,0
YEM_22,0
YEM_23,0
YEM_24,0
YEM_25,0
YEM_26,0
YEM_27,0
YEM_28,0
YEM_29,0
YEM_30,0
YEM_31T33,0
YEM_35T39,0
YEM_41T43,0
YEM_45T47,0
YEM_49T53,0
YEM_55T56,0
YEM_58T60,0
YEM_61,0
YEM_62T63,0
YEM_64T66,0
YEM_68,0
YEM_69T82,0
YEM_84,0
YEM_85,0
YEM_86T88,0
YEM_90T96,0
YEM_97T98,0
ZWE_01T03,0
ZWE_05T06,0
ZWE_07T08,0
ZWE_09,0
ZWE_10T12,0
ZWE_13T15,0
ZWE_16,0
ZWE_17T18,0
ZWE_19,0
ZWE_20T21,0
ZWE_22,0
ZWE_23,0
ZWE_24,0
ZWE_25,0
ZWE_26,0
ZWE_27,0
ZWE_28,0
ZWE_29,0
ZWE_30,0
ZWE_31T33,0
ZWE_35T39,0
ZWE_41T43,0
ZWE_45T47,0
ZWE_49T53,0
ZWE_55T56,0
ZWE_58T60,0
ZWE_61,0
ZWE_62T63,0
ZWE_64T66,0
ZWE_68,0
ZWE_69T82,0
ZWE_84,0
ZWE_85,0
ZWE_86T88,0
ZWE_90T96,0
ZWE_97T98,0
VIR_01T03,0
VIR_05T06,0
VIR_07T08,0
VIR_09,0
VIR_10T12,0
VIR_13T15,0
VIR_16,0
VIR_17T18,0
VIR_19,0
VIR_20T21,0
VIR_22,0
VIR_23,0
VIR_24,0
VIR_25,0
VIR_26,0
VIR_27,0
VIR_28,0
VIR_29,0
VIR_30,0
VIR_31T33,0
VIR_35T39,0
VIR_41T43,0
VIR_45T47,0
VIR_49T53,0
VIR_55T56,0
VIR_58T60,0
VIR_61,0
VIR_62T63,0
VIR_64T66,0
VIR_68,0
VIR_69T82,0
VIR_84,0
VIR_85,0
VIR_86T88,0
VIR_90T96,0
VIR_97T98,0
VUK_01T03,0
VUK_05T06,0
VUK_07T08,0
VUK_09,0
VUK_10T12,0
VUK_13T15,0
VUK_16,0
VUK_17T18,0
VUK_19,0
VUK_20T21,0
VUK_22,0
VUK_23,0
VUK_24,0
VUK_25,0
VUK_26,0
VUK_27,0
VUK_28,0
VUK_29,0
VUK_30,0
VUK_31T33,0
VUK_35T39,0
VUK_41T43,0
VUK_45T47,0
VUK_49T53,0
VUK_55T56,0
VUK_58T60,0
VUK_61,0
VUK_62T63,0
VUK_64T66,0
VUK_68,0
VUK_69T82,0
VUK_84,0
VUK_85,0
VUK_86T88,0
VUK_90T96,0
VUK_97T98,0
GLP_01T03,0
GLP_05T06,0
GLP_07T08,0
GLP_09,0
GLP_10T12,0
GLP_13T15,0
GLP_16,0
GLP_17T18,0
GLP_19,0
GLP_20T21,0
GLP_22,0
GLP_23,0
GLP_24,0
GLP_25,0
GLP_26,0
GLP_27,0
GLP_28,0
GLP_29,0
GLP_30,0
GLP_31T33,0
GLP_35T39,0
GLP_41T43,0
GLP_45T47,0
GLP_49T53,0
GLP_55T56,0
GLP_58T60,0
GLP_61,0
GLP_62T63,0
GLP_64T66,0
GLP_68,0
GLP_69T82,0
GLP_84,0
GLP_85,0
GLP_86T88,0
GLP_90T96,0
GLP_97T98,0
MTQ_01T03,0
MTQ_05T06,0
MTQ_07T08,0
MTQ_09,0
MTQ_10T12,0
MTQ_13T15,0
MTQ_16,0
MTQ_17T18,0
MTQ_19,0
MTQ_20T21,0
MTQ_22,0
MTQ_23,0
MTQ_24,0
MTQ_25,0
MTQ_26,0
MTQ_27,0
MTQ_28,0
MTQ_29,0
MTQ_30,0
MTQ_31T33,0
MTQ_35T39,0
MTQ_41T43,0
MTQ_45T47,0
MTQ_49T53,0
MTQ_55T56,0
MTQ_58T60,0
MTQ_61,0
MTQ_62T63,0
MTQ_64T66,0
MTQ_68,0
MTQ_69T82,0
MTQ_84,0
MTQ_85,0
MTQ_86T88,0
MTQ_90T96,0
MTQ_97T98,0
REU_01T03,0
REU_05T06,0
REU_07T08,0
REU_09,0
REU_10T12,0
REU_13T15,0
REU_16,0
REU_17T18,0
REU_19,0
REU_20T21,0
REU_22,0
REU_23,0
REU_24,0
REU_25,0
REU_26,0
REU_27,0
REU_28,0
REU_29,0
REU_30,0
REU_31T33,0
REU_35T39,0
REU_41T43,0
REU_45T47,0
REU_49T53,0
REU_55T56,0
REU_58T60,0
REU_61,0
REU_62T63,0
REU_64T66,0
REU_68,0
REU_69T82,0
REU_84,0
REU_85,0
REU_86T88,0
REU_90T96,0
REU_97T98,0
TJK_01T03,0
TJK_05T06,0
TJK_07T08,0
TJK_09,0
TJK_10T12,0
TJK_13T15,0
TJK_16,0
TJK_17T18,0
TJK_19,0
TJK_20T21,0
TJK_22,0
TJK_23,0
TJK_24,0
TJK_25,0
TJK_26,0
TJK_27,0
TJK_28,0
TJK_29,0
TJK_30,0
TJK_31T33,0
TJK_35T39,0
TJK_41T43,0
TJK_45T47,0
TJK_49T53,0
TJK_55T56,0
TJK_58T60,0
TJK_61,0
TJK_62T63,0
TJK_64T66,0
TJK_68,0
TJK_69T82,0
TJK_84,0
TJK_85,0
TJK_86T88,0
TJK_90T96,0
TJK_97T98,0
OCS_01T03,0
OCS_05T06,0
OCS_07T08,0
OCS_09,0
OCS_10T12,0
OCS_13T15,0
OCS_16,0
OCS_17T18,0
OCS_19,0
OCS_20T21,0
OCS_22,0
OCS_23,0
OCS_24,0
OCS_25,0
OCS_26,0
OCS_27,0
OCS_28,0
OCS_29,0
OCS_30,0
OCS_31T33,0
OCS_35T39,0
OCS_41T43,0
OCS_45T47,0
OCS_49T53,0
OCS_55T56,0
OCS_58T60,0
OCS_61,0
OCS_62T63,0
OCS_64T66,0
OCS_68,0
OCS_69T82,0
OCS_84,0
OCS_85,0
OCS_86T88,0
OCS_90T96,0
OCS_97T98,0
ROW_01T03,0
ROW_05T06,0
ROW_07T08,0
ROW_09,0
ROW_10T12,0
ROW_13T15,0
ROW_16,0
ROW_17T18,0
ROW_19,0
ROW_20T21,0
ROW_22,0
ROW_23,0
ROW_24,0
ROW_25,0
ROW_26,0
ROW_27,0
ROW_28,0
ROW_29,0
ROW_30,0
ROW_31T33,0
ROW_35T39,0
ROW_41T43,0
ROW_45T47,0
ROW_49T53,0
ROW_55T56,0
ROW_58T60,0
ROW_61,0
ROW_62T63,0
ROW_64T66,0
ROW_68,0
ROW_69T82,0
ROW_84,0
ROW_85,0
ROW_86T88,0
ROW_90T96,0
ROW_97T98,0
